Sehir,Sube_Adi,Adres,Place_ID
Adana,Bim,"Yunus Emre Mah. Şehit Polis Mehmet Ve Ahmet Oruç Sok. No:64, Z01, 01285 Yüreğir/Adana, Türkiye",ChIJ36FSCsOPKBURbV0fTCMjGA0
Adana,BIM,"Ziyapaşa, Baraj Cad. No:74/A, 01140 Seyhan/Adana, Türkiye",ChIJE3SQyiKPKBURppVaCKnD6JI
Adana,BIM,"Şht. Ast, Bey, Şht. Astğm. Kemal Yüzgeç Blv. no:26/A, 01030 Seyhan/Adana, Türkiye",ChIJIxfYgsOFKBURBkD_wTlZ2g0
Adana,BIM,"DEMİRCİ. No:14 EU, Uçak, 43034. Sk. No:14, 01080 Seyhan/Adana, Türkiye",ChIJ8ZL0ozggKxURNdTSA3-XmHM
Adana,Bim,"Dervişler, Yaşar Doğu Cad. No:11-12/B, 01260 Yüreğir/Adana, Türkiye",ChIJ36OtdrqPKBURZuPzPxRR3aE
Adana,BIM,"Özgür, 2391 Sk, NO:13AC Yüreğir/Adana, Türkiye",ChIJAQAAwJePKBUR7cDeeyf6hgY
Adana,Bim Daglıoğlu Şubesi,"Dağlıoğlu, 01040 Seyhan/Adana, Türkiye",ChIJwZzPpgeHKBUR07eM2oEf9Bs
Adana,Bim,"Yeşilyurt, 70082. Sk. No:105, 01150 Seyhan/Adana, Türkiye",ChIJ841KBDKPKBURMx4UbZizNKM
Adana,Bim Millet Şubesi,"Tahsilli, Kozan Cad. No:237, 01240 Yüreğir/Adana, Türkiye",ChIJH0WdWQCPKBURngxMHIskPRE
Adana,BIM,"Havuzlubahçe Mahallesi, 42. Sk No:27a, 01130 Seyhan/Adana, Türkiye",ChIJQ8EOAFCPKBURE2U9NX-wq-8
Adana,BIM,"Akkapı Mah, 42. Sk No:355/A, 01130 Seyhan/Adana, Türkiye",ChIJHxXVmVCPKBURQqHDarFbd2g
Adana,BIM,"Sinanpaşa, Kozan Cad. No:171/1, 01220 Yüreğir/Adana, Türkiye",ChIJ____v3SPKBURd9PilrTdcY8
Adana,Bim,"Cumhuriyet mahallesi Karataş Bulvarı no: 1358/B, Yüreğir, Türkiye",ChIJL8Dge3uPKBURIGWGxvZyNQU
Adana,Bim,"Narlıca, 01190 Seyhan/Adana, Türkiye",ChIJfdwHG62IKBURJi1Jz5pLczo
Adana,BIM,"Yakapınar Mah, Gazipaşa Blv. No:34, 01120 Seyhan/Adana, Türkiye",ChIJZSCkQxWPKBURRgEDL8o-PkE
Adana,BIM,"Yeşilyurt, Atatürk Bulvarı No: 59, 01170 Seyhan/Adana, Türkiye",ChIJq6qqqiuPKBURLUXB2o6B0SU
Adana,BIM,"Yeşilyurt, İbo Osman Cd. No:125/A, 01140 Seyhan/Adana, Türkiye",ChIJg-r7AiaPKBUROHdVDaR5xkQ
Adana,BIM,"Dağlıoğlu, 14088. Sk. No:52/A, 01040 Seyhan/Adana, Türkiye",ChIJGfEeuuCFKBURLj0d5wwFlog
Adana,Bim,"Yavuzlar, 4133. Sk. 204 B, 01220 Yüreğir/Adana, Türkiye",ChIJ9fS4SQiPKBURg20-EUVeUDI
Adıyaman,Bim,"Yunus Emre, Bora Küme Evleri 97/1, 02200 Adıyaman Merkez/Adıyaman, Türkiye",ChIJVVVVVawUMxURT4z3KAKb_Dc
Adıyaman,Bim,"Bahçelievler, Eski Kahta Cd. No:95, 02290 Adıyaman Merkez/Adıyaman, Türkiye",ChIJGbfJ9WMTMxURxTGE1FwyzBA
Adıyaman,Bim-Bağpınar Şubesi,"Altınşehir, 02040 Adıyaman Merkez/Adıyaman, Türkiye",ChIJyed2I20RMxURx0p14ly7Otc
Adıyaman,BIM,"Mahmut Nedim Ökmen Mahallesi, Hasan Gündoğar Caddesi No:1 Kat 81/A, 02100 ŞENGÜL/Adıyaman, Türkiye",ChIJ237aHnkTMxURPxOrGDBnRdc
Adıyaman,Bim,"G710, Bahçecik, Eski Samsat Cd. No:104 /B, 02200, Türkiye",ChIJtbg-Ql0TMxURPdlmEYv3RJc
Adıyaman,Bim,"Karapınar, Petrol Cd. No:59/B, 02040 Adıyaman Merkez/Adıyaman, Türkiye",ChIJR7gbOQATMxURk8ysKjBLTyA
Adıyaman,BIM,"Altınşehir, 30151. Sk. Duru Apt Altı A Blok, 02040 Adıyaman Merkez/Adıyaman, Türkiye",ChIJO2kGvY8RMxURXvSik8AuWKU
Adıyaman,Bim,"Yeşilyurt, Malatya Cd. No:188/A G299, 02290 Adıyaman Merkez/Adıyaman, Türkiye",ChIJnUTMbpAUMxURmfE49YYdsek
Adıyaman,BIM,"Bahçelievler Mahallesi Eski Kahta Caddesi, 707. Sk No:45/A, 02100 Adıyaman Merkez/Adıyaman, Türkiye",ChIJf3gqNXsTMxURZUq9FSIXHdw
Adıyaman,BIM,"Cumhuriyet Mahallesi Haydar Efendi Caddesi, Haydar Efendi Çk. No:204/A, 02040 Adıyaman Merkez/Adıyaman, Türkiye",ChIJf7a8xsYTMxUREQv-RZL117w
Adıyaman,BIM,"Altınşehir, 3021. Sk. 17/A, 02040 Adıyaman Merkez/Adıyaman, Türkiye",ChIJdb89hogRMxUREM35gQYOLsM
Adıyaman,BIM,"Çamlıca, M. Dostlar C No:56-Abc, 02040 Adıyaman Merkez/Adıyaman, Türkiye",ChIJ______8TMxURQiLajmfrfDA
Adıyaman,Bim,"Yeşilyurt, Kavi Cd. No:33, 02290 Adıyaman Merkez/Adıyaman, Türkiye",ChIJDfi99jcVMxURnJ0zEkEurjg
Adıyaman,Bim,"Alitaşı, Bozbey Cd. No : 57-59, 02030 Adıyaman Merkez/Adıyaman, Türkiye",ChIJhWYCi70TMxUR391cafyILHM
Adıyaman,Bim,"Barbaros Hayrettin Mahallesi 1032 Sok. No:13, Barbaros Hayrettin, Karapinar Cd. No:33, 02040 Adıyaman Merkez/Adıyaman, Türkiye",ChIJk7nzXJUTMxUR3J3vDgI2U-0
Adıyaman,BIM,"Sümerevler, Turgut Özal Cd. No:47, 02030 Seçiniz/Adıyaman, Türkiye",ChIJ031W-LgTMxUREYo69wjNneE
Adıyaman,Bim,"Malazgirt, Hısnı Mansur Cd. No:262/A, 02200 Adıyaman Merkez/Adıyaman, Türkiye",ChIJg9r-pQoVMxURlA2WPSD9Gpw
Afyonkarahisar,Bim,"Dörtyol, 03030 Afyonkarahisar Merkez/Afyonkarahisar, Türkiye",ChIJyZRNIwA9zxQRZlq1s8Cx3QE
Afyonkarahisar,Bim mağazası,"Yarenler, Emir Baba Cd. No:52, 03100 Afyonkarahisar Merkez/Afyonkarahisar, Türkiye",ChIJlat23kYXzxQRA_gQcWbdzG4
Afyonkarahisar,Bim,"Veysel Karani, Mareşal Fevzi Çakmak Blv. No:75, 03030 Afyonkarahisar Merkez/Afyonkarahisar, Türkiye",ChIJrRvtacQXzxQRPtyA4tEw428
Afyonkarahisar,Bim,"Selçuklu, Ömür Sk. No:10, 03218 Afyonkarahisar Merkez/Afyonkarahisar, Türkiye",ChIJrSkgk98XzxQROKYOGRdqvms
Afyonkarahisar,Bim,"Fatih, PHRJ+J7, 03150 Afyonkarahisar Merkez/Afyonkarahisar, Türkiye",ChIJpbmuoVUXzxQRlYblLpu7J14
Afyonkarahisar,Bim,"Mareşal Fevzi Çakmak, Şht. Kadir Aydın Cd. No: 23, 03040 Afyonkarahisar Merkez/Afyonkarahisar, Türkiye",ChIJvVhxM0MWzxQR99uddQ3-9yk
Afyonkarahisar,Bim,"Mh, Ali İhsan Paşa, Prof. Dr. Veysel Eroğlu Cd. 25/B, 03040 Afyonkarahisar Merkez/Afyonkarahisar, Türkiye",ChIJCxs5410WzxQRBlYbfWjm6gc
Afyonkarahisar,BIM,"İstiklal Seyit, Şht. Ahmet Kaplan Cd. No:16, 03080 Afyonkarahisar Merkez/Afyonkarahisar, Türkiye",ChIJyQky604WzxQRCSM9VwpPnV8
Afyonkarahisar,Bim,"Fevzi Çakmak Mh, Doç. Dr. Sait Açba Cd. 15/2, 03211 Erkmen Kasabası/Afyonkarahisar Merkez/Afyonkarahisar, Türkiye",ChIJVSp0wKw9zxQRW2n-c9EItks
Afyonkarahisar,BIM,"Selçuklu, 1415. Sk. 29/C, 03218 Afyonkarahisar Merkez/Afyonkarahisar, Türkiye",ChIJ075PImE9zxQRL0FQ8R8vw9w
Afyonkarahisar,Bim market,"Fatih, 816. Sk., 03150 Afyonkarahisar Merkez/Afyonkarahisar, Türkiye",ChIJz_FvIQAXzxQRSS-a8zogrXk
Afyonkarahisar,Bim,"Ali Çetinkaya, İstasyon Cd. No:3, 03200 Afyonkarahisar Merkez/Afyonkarahisar, Türkiye",ChIJoYx2HgAXzxQR_8Qx1zfAQbs
Afyonkarahisar,Bim,"Güvenevler, Fatih Cd., 03030 Afyonkarahisar Merkez/Afyonkarahisar, Türkiye",ChIJV5YnD7EXzxQRdR1uloh8etY
Afyonkarahisar,Bim,"Fatih, 812. Sk. NO: 13, 03150 Afyonkarahisar Merkez/Afyonkarahisar, Türkiye",ChIJsxytVwAXzxQRRG2GJkOaol0
Afyonkarahisar,Bim,"Kasımpaşa, 03200 Afyonkarahisar Merkez/Afyonkarahisar, Türkiye",ChIJr0uXCwsXzxQRV_2LUHT13c0
Afyonkarahisar,Bim,"Selçuklu, 1455. Sk. No:54, 03030 Afyonkarahisar Merkez/Afyonkarahisar, Türkiye",ChIJJ2qwxBs9zxQRIrGgs3wevpc
Afyonkarahisar,BIM,"Veysel Karani, Mareşal Fevzi Çakmak Blv. No: 148 D:3B, 03030 Afyonkarahisar Merkez/Afyonkarahisar, Türkiye",ChIJq6qqqmEXzxQRI-gB2gfKUxM
Afyonkarahisar,Bim,"Karaman, Gazlıgöl Cd. No:42/A, 03200 Afyonkarahisar Merkez/Afyonkarahisar, Türkiye",ChIJX0hpWAYXzxQRGXpASzTCDW4
Afyonkarahisar,BIM,"Dumlupınar, Kadınana Cd. 95-A, 03200 Afyonkarahisar Merkez/Afyonkarahisar, Türkiye",ChIJq6raJMgXzxQR2XkhR4lrwvc
Ağrı,BIM,"Nuh Mah, Vali Ozan Cd. Kıp Towers Sit D:77 I-J, 47100 Artuklu/Mardin, Türkiye",ChIJI6LaM7iICkAR2g82tt3SyRk
Ağrı,BIM,"Latifiye, 1. Cadde No:277 D:1, 47100 Artuklu/Mardin, Türkiye",ChIJQezKcsCICkARVtUv19wQMoM
Ağrı,Bim Market Yeniyol şubesi,"Teker, Yeni Yol Cd. No:152 D:A, 47100 Artuklu/Mardin, Türkiye",ChIJQZjGch2JCkAR4ZJIJBXPWQs
Ağrı,Bim 13 mart mah.,"Yalım, 13 Mart Cd., 47200 Artuklu/Mardin, Türkiye",ChIJDZaivX6PCkAR7I2s11YiG-M
Ağrı,BIM,"Ensar, Nusaybin Cd. 70 /A, 47100 Artuklu/Mardin, Türkiye",ChIJPYn_ZOWICkARROmVugBMmXM
Ağrı,BIM,"Yağmur, 13 Mart, Vali Ozan Blv. Apt. 112, 47200 Merkez/Mardin, Türkiye",ChIJE7nUM7iICkARuiXAgcM7BMo
Ağrı,BIM,"13 Mart, Hürriyet Cd. No:28, 47200 Artuklu/Mardin, Türkiye",ChIJV4PaJTGPCkARe_ihfOHEAF8
Ağrı,Bim,"Yenişehir, Mehmet Nurdağı Sk. No:1, 47200 Artuklu/Mardin, Türkiye",ChIJSUHzZgCPCkAR9ycVvV0rhCI
Ağrı,BIM,"Sinanoğlu Safran, 13 Mart, Hürriyet Cd. Sitesi 7, 47200 Artuklu/Mardin, Türkiye",ChIJa1Ig5DCPCkARPBPVrkQaEO4
Ağrı,Bim,"Zelal Apt, 13 Mart, 50. Sk. D:2, 47200 Artuklu/Mardin, Türkiye",ChIJafR4ZS6PCkARhKxoHV28k1E
Ağrı,BIM,"Nur, 20. Sk. 1 C, 47200 Artuklu/Mardin, Türkiye",ChIJVVVVVRaPCkARwp0jHi3GsnM
Ağrı,BIM,"Maryap Apt, 13 Mart, 77 Cad D:19 A-B-C-G, 47200 Artuklu/Mardin, Türkiye",ChIJ_____ySPCkARHESecUgxXQU
Ağrı,BIM,"Kayacan, Nusaybin Cd. 73 A, 47100 Artuklu/Mardin, Türkiye",ChIJHf1H-O-ICkARzi0YDjF5E1o
Ağrı,BIM,"13 Mart Mah.46.Cad. Abdurrahman Sinanoğlu 17/114-117 Merkez, Mardin, Türkiye",ChIJaQa3Zl-ICkARBkUudq-Sd2A
Ağrı,Bim Market,"Nur, 47200 Artuklu/Mardin, Türkiye",ChIJ6VhPPrSPCkARHPr9OuOrro0
Ağrı,BIM,"KARAYOLLARI ARKASI İSMETKENT, Nur, APT.C BLOK ZEMİN KAT NO:1, 47200 Artuklu/Mardin, Türkiye",ChIJI7MaAACPCkAR41NVfa3NX-g
Ağrı,Bim,"13 Mart, 47200 Artuklu/Mardin, Türkiye",ChIJUWt7uTuPCkARLxZKDUtfQd8
Ağrı,bim,"Nur, 47200 Artuklu/Mardin, Türkiye",ChIJ8Y_1NQCPCkARhAWllk6v4To
Amasya,Bim,"Hacılar Meydanı, Mah. Üç Mayıs Sokak No:5/A B 5, 05100 Amasya Merkez/Amasya, Türkiye",ChIJq6qq6vduh0AR8UAuJlbMhf0
Amasya,Bim,"Yüzevler, Sadık Esen Sk. No:13 / A, 05100 Amasya Merkez/Amasya, Türkiye",ChIJnYtpo1Juh0ARTV53I68z2ZM
Amasya,Bim,"Hacılar Meydanı Mah. Hoca Ahmet Yesevi Cad. Kervanlı, Apt. No:25, Amasya Merkez, Türkiye",ChIJNeZOiFluh0ARkGWRWV1QjPw
Amasya,Bim,"Hızırpaşa, İstasyon Cad. No:6 / A, 05100 Amasya Merkez/Amasya, Türkiye",ChIJF0DVXkVuh0ARzfAz8JtK3fE
Amasya,Bim,"Hızırpaşa, İstasyon Cad. No:119 / A, 05100 Amasya Merkez/Amasya, Türkiye",ChIJGY93Qlxuh0ARx0aMvS1DqhQ
Amasya,BIM,"Hızırpaşa, Karacaoğlan Cd. 8a D:8a, 05100 Amasya Merkez/Amasya, Türkiye",ChIJQzNHy09uh0AR7aqeJQy8ZrM
Amasya,BIM,"Pirinççi, Atatürk Cd. Kardeşler Apt D:33 / 5-6, 05200 Amasya Merkez/Amasya, Türkiye",ChIJC1RW7Epuh0ARBqXA-TDM4Ig
Amasya,Bim,"Şeyhcui, Muhsin Yazıcıoğlu Cd. No:4/A, 05100 Amasya Merkez/Amasya, Türkiye",ChIJ7-StEV5uh0ARYLT0fYemUyI
Amasya,Bim - Hacılarmeydanı Şubesi 2,"Hacılar Meydanı, 05100 Amasya District/Amasya, Türkiye",ChIJ8WIng2Jvh0ARkXEsbtILd7w
Amasya,Bim,"Bahçeleriçi, Sipahi Cd. No:17, 05200 Amasya Merkez/Amasya, Türkiye",ChIJYa1bkTECh0ARdNBj5ODEPHY
Amasya,BIM,"Hacılar Meydanı, Arif Nihat Asya Sk. No: 2 / A, 05100 Amasya Merkez/Amasya, Türkiye",ChIJJ1kN8lhuh0ARVuiGUlj0HYo
Amasya,BIM,"Yeni Mah, Amasya Sok No:69/B, 05200 Amasya Merkez/Amasya, Türkiye",ChIJzdG1gTVuh0ARryBTHSa8QdY
Amasya,BIM,"Hacılar Meydanı, Arif Nihat Asya Sk. No: 30/ A, 30 Amasya Merkez/Amasya, Türkiye",ChIJv8SBXvZuh0ARaLisBE0FTDw
Amasya,BIM,"Hızırpaşa İstasyon Cad No:19/A B-C 19, Amasya Merkez/Amasya, Türkiye",ChIJVVVVFVtuh0AR1vBS2jKgnNE
Amasya,BIM,"Şeyhcui, Boğaçhan Sk. No: 4/ A B-C 4, 05100 Amasya Merkez/Amasya, Türkiye",ChIJnUhiHItuh0ARDieF4vJrDPQ
Ankara,BIM,"Atatürk Mh, Kazım Karabekir Cd. No:4 D:2, 06570 Çankaya/Ankara, Türkiye",ChIJVVVFieVO0xQRVMwfww2fNXI
Ankara,Bim,"Mustafa Kemal, Keklik Sk. No: 5 D:5, 06250 Altındağ/Ankara, Türkiye",ChIJdSOPBV1O0xQRf6TWMSuEYUk
Ankara,Bim,"Alim Apt, Kestane Cad. Ekrem Koçak Sok, Ulucanlar Cd. No:1, Mamak/Ankara, Türkiye",ChIJzbRVPF1O0xQRks8GhfsLJMc
Ankara,BIM,"Eti, Gazi Mustafa Kemal Blv. No:108a D:B, 06570 Çankaya/Ankara, Türkiye",ChIJfTuKHvtO0xQRpOehufsPQso
Ankara,BIM,"Hacettepe, Ulucanlar Cd. No:83c, 06230 Altındağ/Ankara, Türkiye",ChIJDe5OBGtO0xQR74FL3ok5esA
Ankara,BIM,"Kültür, Libya Cd. 34/A, 06420 Çankaya/Ankara, Türkiye",ChIJWYp8Ja1P0xQRPlqpqkXuQ-8
Ankara,Bim,"Saimekadın, Cami Sk. 22/A, 06620 Mamak/Ankara, Türkiye",ChIJq6rukBhO0xQRwi6V8SkQWkI
Ankara,BIM,"CAMİKEBİR MH, Ankara Cd NO:2102/A, 06230 Sincan/Ankara, Türkiye",ChIJv9Yc-1tO0xQRDlfxsBUjgf0
Ankara,BIM,"Cumhuriyet, Atatürk Blv. No:51 A D:B, 06430 Çankaya/Ankara, Türkiye",ChIJMZo0dlZO0xQR7AzEdQUdlHM
Ankara,BIM,"Kayacık Mahallesi, Cihan Sk. No:17, 06430 Çankaya/Ankara, Türkiye",ChIJ7e4USf9O0xQRbguCUNKaf9Y
Ankara,TANDOĞAN BİM,"Eti, Gazi Mustafa Kemal Blv. No:108/10, 06570 Çankaya/Ankara, Türkiye",ChIJR9M3ieRP0xQRdz4sNa60bNk
Ankara,BIM,"Cumhuriyet Mah. Atatürk, Aşkabat Cd. 69 A, 06490 Çankaya/Ankara, Türkiye",ChIJu1Z_-zxP0xQRvXXaa9cIveY
Ankara,BIM,"Hürel, 25. Sk. No:1 D:A, 06350 Mamak/Ankara, Türkiye",ChIJ4VEWa_5R0xQRdRgkoTnxVWw
Ankara,BIM,"Birlik Mah, 95. Cd. NO:19/7, 06420 Çankaya/Ankara, Türkiye",ChIJfwmaBARP0xQRFEPbstvBtnI
Ankara,BIM,"Aşıkpaşa, Lise Cad Yakamoz Apt, NO:43 Çankaya/Ankara, Türkiye",ChIJPVyLP8xP0xQRn9xp9GYgx8Y
Ankara,BIM,"Yeni Mahallesi, Atatürk Blv No:77-1/11-12 77, 06430 Çankaya/Ankara, Türkiye",ChIJa7riQVVO0xQR7H3RshQhsik
Ankara,BIM,"Cumhuriyet Mahallesi, Kızılay, Zafer Meydanı No:1d E,F, Çankaya, Türkiye",ChIJAQAAMABP0xQRn3-AEHJpAIo
Ankara,BIM,"Saimekadın, Tıp Fakültesi Cd. 135/2-8, 06620 Mamak/Ankara, Türkiye",ChIJmaZJKyBO0xQRsHtFyyDPo1A
Antalya,BIM,"Ulus, Mehmet Akif Cd. No:64/A, 07025 Kepez/Antalya, Türkiye",ChIJD2yoecGPwxQR87aBKegYVBs
Antalya,BIM,"Etiler, Emrah Cd. Yavuz Apt D:14/A, 07010 Muratpaşa/Antalya, Türkiye",ChIJ5deBNPOPwxQRg3KuswYAhHo
Antalya,BIM,"Üçgen, 117. Cd 6/Aa, 07040 Muratpaşa/Antalya, Türkiye",ChIJq6qqeuGPwxQRDYgombQU0ZY
Antalya,BIM,"NAMIK KEMAL, Memurevleri Mh. Yavuz Cd. No:26 A-B-C Muratpaşa / Antalya 26, A-B-C, Muratpaşa/Antalya, Türkiye",ChIJWfYt99-PwxQRorqeo-VIKiY
Antalya,BIM,"Cumhuriyet Mh. Tonguç Cd. No:107-A Muratpaşa/Antalya 107, D:A, Muratpaşa/Antalya, Türkiye",ChIJEyk3K-WPwxQRguDyuk-fhvA
Antalya,BIM,"Kızıltoprak, Şht. Ercan Cd. 80/A, 07300 Muratpaşa/Antalya, Türkiye",ChIJZWcjPU-FwxQRKgvcBTBifo4
Antalya,BIM,"Üçgen, 114. Sk. NO:4 A, 07040 Muratpaşa/Antalya, Türkiye",ChIJSbcHgeGPwxQRM-ZIheXi1EA
Antalya,Bim,"Etiler Mh. Karacaoğlan Cd. Şebnem Apt, D:72/A, 07010 Muratpaşa/Antalya, Türkiye",ChIJBQYjjvaPwxQR2jF0vQZ8-Hk
Antalya,Bim,"Deniz, 128. Sk. No:34, 07050 Muratpaşa/Antalya, Türkiye",ChIJuTqiDRmQwxQRGMam_F09JhI
Antalya,Bim,"Kızıltoprak, Yunus Emre Cd. No:12, 07300 Muratpaşa/Antalya, Türkiye",ChIJV7gI9ueFwxQR_4o9_3w1F3o
Antalya,BIM,"Bahtılı Mh, Ulu Önder Atatürk Cd Depo Apt D:455/A, 07010 Konyaaltı/Antalya, Türkiye",ChIJpQkVEVmFwxQReV-fxDM9xhQ
Antalya,BIM,"Atatürk, 2623. Sk. No:1 Aa, 07025 Kepez/Antalya, Türkiye",ChIJlXSiXb6PwxQRLc6r533dlRA
Antalya,BIM,"Kızılarık, 2854. Sk. No:15 D:1, 07310 Muratpaşa/Antalya, Türkiye",ChIJAQCkXG6FwxQRqQ33VJPvKX4
Antalya,BIM,"Şelale Mh, Atatürk Cd. No:42/A, 07100 Kepez/Antalya, Türkiye",ChIJUxQj4AaQwxQRed62FE2k-qI
Antalya,BIM,"Kızıltoprak, 920. Sk. 22 / A D:1, 07300 Muratpaşa/Antalya, Türkiye",ChIJE_Ksi0uFwxQRiLTXTBNdONs
Antalya,BIM,"Mehmet Akif Ersoy, 6491. Sk. Ayyıldız Sit B Blk 20ba, 07320 Kepez/Antalya, Türkiye",ChIJn8QFTIKFwxQRXQD0rGLtIok
Antalya,bim,"Barış, 2897. St No:15/A, 07080 Kepez/Antalya, Türkiye",ChIJxSP-mryPwxQRAcQWePHlHiE
Artvin,Bim,"Çarşı, İnönü Cd. No:52, 08000 Artvin Merkez/Artvin, Türkiye",ChIJ9Z-8FzR2aEARbbQ8oWH-og0
Artvin,Bim-gökorman Şubesi,"Orta, Miralay Şükrü Bey Cd., 08000 Artvin Merkez/Artvin, Türkiye",ChIJv76-Lzd2aEARiV1tq5LEgUs
Artvin,BIM,"Dere, Öğretmen Hasan Yavuz Sk., 08000 Artvin Merkez/Artvin, Türkiye",ChIJ7UIE0zR2aEARfpPRVg8atcY
Artvin,BIM,"Yeni, 19 Mayıs Cd. No:45 A, 08000 Artvin Merkez/Artvin, Türkiye",ChIJc66DRix2aEARc15RzakhO34
Artvin,Bim Toptan Fiyatina,"Çarşı, Hastane Cd. No:25, 08000 Artvin Merkez/Artvin, Türkiye",ChIJQ8lBwzN2aEARqKpIw3DisSA
Artvin,Bim,"Cumhuriyet, 08610 Kemalpaşa/Artvin, Türkiye",ChIJ449TFgCXZ0AReMiIuilnAvs
Artvin,Bim,"Sundura, Eski Hopa Artvin Yolu No:34, 08600 Hopa/Artvin, Türkiye",ChIJ930yzjW5Z0AR_Dg-d-D4caE
Artvin,Bim,"Cumhuriyet, Selimiye, Karadeniz Sahil Yolu No:87, 08610 Kemalpaşa/Artvin, Türkiye",ChIJYxaa3zmXZ0AR72ugIG-jJA8
Artvin,Bim,"Boğaziçi, Temel Sk., 08200 Arhavi/Artvin, Türkiye",ChIJMxUFWgC3Z0ARkjEnOIrp33k
Aydın,BIM,"Doğu, Ata, Çevre Blv. No:104 / A, 09020 merkez/Aydın, Türkiye",ChIJQ5Qj-KgsuRQR2GtWXNPr1Hc
Aydın,Bim market,"Efeler, Alaçam Cd. No:16, 09020 Aydın Merkez/Aydın, Türkiye",ChIJfzEijI0ruRQR3v1lEU_k0ak
Aydın,BIM,"ADÜPARK AVM, Zafer, 152 Cadde No:11 İç Kapı No:5, 09010 Efeler/Aydın, Türkiye",ChIJVVVVVQoruRQROcOIRyYhRjI
Aydın,BIM,"Mimar Sinan, Ünal Özgödek Blv. No:10A, 09100 Efeler/Aydın, Türkiye",ChIJC1sQA5QsuRQRw-jSFl_tLFM
Aydın,BIM,"Çarşı Mah, Okullar Cd. No:43/1B, 09760 Efeler/Aydın, Türkiye",ChIJudBpY6jUvhQRTFngejxI4OE
Aydın,BIM,"Girne, Turgut Özal Blv. No:5 D:2A, 09100 Efeler/Aydın, Türkiye",ChIJCVK734IsuRQReyjgtQMu1Bw
Aydın,BIM,"3 Eylül Mah, Atatürk Cd. No:56, 09090 Efeler/Aydın, Türkiye",ChIJLR69wEkruRQRhUzmfqFW-b8
Aydın,BIM,"Efeler, Alaçam Cd. No:22B, 09020 Efeler/Aydın, Türkiye",ChIJ05jVdKAsuRQRjZ2UIHIDB-A
Aydın,BIM,"Güzelhisar, Yedi Eylül Cd. No:44 A, 09100 Efeler/Aydın, Türkiye",ChIJU7KkHWkruRQRMpdEQXad-NM
Aydın,BIM,"Efeler, Reyhan Cd., NO:3AA Efeler/Aydın, Türkiye",ChIJ17_TMKIsuRQRInltNPSF1VE
Aydın,Bim,"Efeler, 2274. Sk. No:1, 09020 Efeler/Aydın, Türkiye",ChIJf4QxOaAsuRQRU0WvFTtInBI
Aydın,BIM,"Orta, Doğu Gazi Blv. No:110, 09010 Efeler/Aydın, Türkiye",ChIJD6wvo20ruRQRD9J0iVF4B2c
Aydın,BIM,"Efeler Mah Atatürk Bulvarı No:116A/18, 09020 merkez/Aydın, Türkiye",ChIJQ80wwqcsuRQRKY8TMxqhfJo
Aydın,BIM,"Fatih, İzmir Blv. No:61A, 09020 Efeler/Aydın, Türkiye",ChIJgcC3u1wruRQRgj7V0DhmCoY
Balıkesir,Bim Mimar Sinan Magazasi,"Paşa Alanı, 10020 Karesi/Balıkesir, Türkiye",ChIJiTmevkn_thQR1-J1SRVsEZE
Balıkesir,Bim,"Bahçelievler, Düzgün Sk. No:26, 10050 Balıkesir Merkez/Balıkesir, Türkiye",ChIJzbogdLABtxQRZyOcnEh6BD0
Balıkesir,Bim market,"Gaziosmanpaşa, Yeni İzmir Cd No:216/232, 10100 Altıeylül/Balıkesir, Türkiye",ChIJf9TEbQABtxQRLYRO36n2Eb0
Balıkesir,Balikesir Bim Depo,"Gaziosmanpaşa, Balıkesir OSB No:5, 10100 Gaziosmanpaşa OSB/Balıkesir Merkez/Balıkesir, Türkiye",ChIJmblyIp8GtxQRz86z0pBJ-A8
Balıkesir,Bim,"Paşa Alanı, Mimar Sinan Cd. 31/A-B, 10020 Merkez/Balıkesir, Türkiye",ChIJAQAAAPH_thQRtr22GwXPWzI
Balıkesir,Bim albay Tayyar şubesi,"Paşa Alanı, 10020 Karesi/Balıkesir, Türkiye",ChIJYZFjwu3_thQRW1WULWKz9-g
Balıkesir,BIM,"Atatürk Mah. 5, Harman Sk. 32/A-B, Karesi, Türkiye",ChIJ5y5FIDoAtxQRyBaa5e17vFA
Balıkesir,bim,"Plevne, Cumhuriyet Cd. No:36, 10050 Balıkesir Merkez/Balıkesir, Türkiye",ChIJ-2wzXvEAtxQRMkoCegFNrzA
Balıkesir,Bim,"1. Sakarya, Sakarya Cd. No:105, 10030 Balıkesir Merkez/Balıkesir, Türkiye",ChIJ14s-_AsBtxQRTsbzjepUdO0
Balıkesir,BIM,"Plevne, Şht. Birol Koç Cd. No:89A D:B, 10050 Altıeylül/Balıkesir, Türkiye",ChIJyxc__vgAtxQR20I-UrJP5pw
Balıkesir,Bim,"Hisariçi, Yıldırım Cd. No:14, 10010 Karesi/Balıkesir, Türkiye",ChIJVxUO9DUAtxQRojQ4Fb4Kzaw
Balıkesir,Bim,"Kasaplar, Anafartalar Cd. No:87, 10100 Balıkesir Merkez/Balıkesir, Türkiye",ChIJDWZZ0Au6sBQRz3SvxYtBnw4
Balıkesir,Bim,"Toygar, Okul Cd. 152 A, 10020 Karesi/Balıkesir, Türkiye",ChIJYfwTXgABtxQR6iBlISXgs50
Balıkesir,BIM,"Plevne, Cumhuriyet Cd. 20B, 10050 Altıeylül/Balıkesir, Türkiye",ChIJ_-wKTvEAtxQRkE9uXuRCmsk
Balıkesir,BIM,"İTFAİYE, Paşa Alanı, 175. Sk. 2a D:2b, 10020 Karesi/Balıkesir, Türkiye",ChIJbWYyQeD_thQRbbIPArN7WkQ
Balıkesir,Bim,"Paşa Alanı, Serkan Cd. No:59, 10020 Balıkesir Merkez/Balıkesir, Türkiye",ChIJQelIAOL_thQRJHrC3DvDQwM
Balıkesir,BIM,"AVLU YOLU, Atatürk Mah, Bandırma Cd. Yuvam Apt D:75a-75b, 10020 Karesi/Balıkesir, Türkiye",ChIJEbtjcff_thQRrABpL33WAwY
Balıkesir,Bim,"Toygar, 297. Sk. No:48, 10020 Balıkesir Merkez/Balıkesir, Türkiye",ChIJAZhEAAD_thQRfGDZrgSsyCY
Balıkesir,Bim Sefaköy Şubesi,"Maltepe, 233. Sk., 10020 Karesi/Balıkesir, Türkiye",ChIJN9wVpXX_thQRypoWN6_NQ-M
Bilecik,Bim Bahçelievler Şubesi,"Bahçelievler, İstiklal Cd. No:57, 11000 Bilecik Merkez/Bilecik, Türkiye",ChIJQZvEFIibyxQRqmYDU2Ra3JQ
Bilecik,BIM,"Bahçelievler, Çarşı Sk. No: 11/A, 11000 Bilecik Merkez/Bilecik, Türkiye",ChIJG_itD_-PyxQRGt_emwSSUUU
Bilecik,Bim,"Gazipaşa, Tevfik Bey Cd. 36 A, 11000 Bilecik Merkez/Bilecik, Türkiye",ChIJAwCDXFPxyxQRfzAVdm2vDMA
Bilecik,Bim,"Bahçelievler, Uzun Sk. No:2/ABCD, 11000 Bilecik Merkez/Bilecik, Türkiye",ChIJj4mZuv-PyxQRnq6x-3xgUww
Bilecik,Bim,"Gazipaşa, 11110 Bilecik Merkez/Bilecik, Türkiye",ChIJd4druOaPyxQRlj0DH6kfVFo
Bilecik,Bim,"Bahçelievler, İstiklal Cd. 24-32, 11000 Bilecik Merkez/Bilecik, Türkiye",ChIJC61kMKuayxQRZJgSsQq-I5g
Bilecik,BIM,"Mevkii Hekimoğlu Konutları, Süleymaniye, Altı Bağımsız No:24-28, 11230 Ahmetpınar/Bilecik Merkez/Bilecik, Türkiye",ChIJ-Q_QwUuMyxQR_k1VP2u-lfc
Bilecik,BIM,"Ertuğrulgazi, Ormancılar Sk. No:7/2, 11100 Bilecik Merkez/Bilecik, Türkiye",ChIJg4ZIyiOPyxQRGlnLAnJwilQ
Bingöl,Bim Toptan Fiyatina Perakende Satiş,"Kültür, Oğuzhan Cd. Sıtkı Aybek apt No:27 D:61/A, 12000 Bingöl Merkez/Bingöl, Türkiye",ChIJDy7RLL3Pc0ARiemvuPTBRls
Bingöl,Bim,"Muratgazi Apt, Bahçelievler, Emniyet Cd. D:14, 12000 Bingöl, Türkiye",ChIJ0QkB5u3Pc0ARXcbg826DDeY
Bingöl,Bim,"İnönü, Park Cd No:13/A-B, 12000 Merkez/Bingöl, Türkiye",ChIJO2Jb1pbPc0ARn-cx7u2IyJo
Bingöl,Bim,"Saray, Çapakçur Cd. No:5/B, 12000 Bingöl, Türkiye",ChIJbUeIt7fPc0ARnRod134haWU
Bingöl,Bim-müftülük Şubesi,"Yenişehir, Sefa Sk., 12000 Bingöl, Türkiye",ChIJva7ZeI3Pc0ARhY0rtLLK6dU
Bingöl,BIM,"KALIUM / CENTER, Recep Tayyip Erdoğan, Palamut Cd. 4b, 12000 Bingöl, Türkiye",ChIJpcuHQ9nPc0ARq-mq_vpBKHQ
Bingöl,Bim,"Şehit Mustafa Gündoğdu, Bülent Arınç Cd. No:32, 12000 Bingöl, Türkiye",ChIJaVu00NbPc0ARzjBBH76teOI
Bingöl,BIM,"Mirzan, Akkoyunlu Sk. 14A, D:14B merkez/Bingöl, Türkiye",ChIJ87gvJpPPc0ARv3UcVxpbiBw
Bingöl,BIM,"İnalı, Kınalı Cd. 30 / A /D, 12000 AYDINSU / MERKEZ/Bingöl, Türkiye",ChIJmTqkeqPPc0ARPxkmdQo_tL0
Bingöl,BIM,"Simani, Battal Gazi Cd. 6 A, 12000 MERKEZ/Bingöl, Türkiye",ChIJLV5CFULOc0ARBTX3u_vnYo4
Bingöl,BIM,"İnönü, Genç Cd. No:40 B D:01, 12000 Bingöl, Türkiye",ChIJS22nNpLPc0ARI6W-SU8GqG8
Bingöl,BIM,"Kültür, Bingöl Cad 36 B, 12010 Bingöl, Türkiye",ChIJ13rinZTPc0AR6jlf-j8t9NI
Bingöl,Bim,"Şehit Mustafa Gündoğdu, Rüya Sk. No:28, 12000 Bingöl, Türkiye",ChIJA7QTEZPPc0ARIdd51zBncX8
Bingöl,Bim,"Şehit Mustafa Gündoğdu, Şht. Mustafa Gündoğdu Cd. No:15/A, 12000 Bingöl, Türkiye",ChIJcx07IKjPc0ARAiAVyl4zFYU
Bitlis,Bim,"Hüsrevpaşa Mah. Ahmet Eren Bulvarı 1.Sok, Zümrütevler Mahallesi, Apt 9-10, Türkiye",ChIJQdQYEVIhDUAR3qO_E_Z2fxc
Bitlis,Bim,"Atatürk, Cumhuriyet Cd., 13000 Bitlis Merkez/Bitlis, Türkiye",ChIJZUev4wEkDUARQRTYnGuRCl8
Bitlis,Bim,"Ahmet Eren bulvarı Beş Minare Mahallesi Toki No:1, Bitlis Merkez/Bitlis, Türkiye",ChIJfasZAO0kDUAROBPRWASxoao
Bitlis,Bim,"Hüsrev Paşa, 1203. Sk. No:4, 13000 Bitlis Merkez/Bitlis, Türkiye",ChIJwZrthHIkDUARB0GVDhrv930
Bitlis,Bim,"Hüsrev Paşa, 13000 Bitlis Merkez/Bitlis, Türkiye",ChIJbzqDzfolDUARMbvPERuZHx8
Bitlis,Bim Toki Şubesi,"Beş Minare, Bitlis TOKİ Konutları, 13000 Koruk/Bitlis Merkez/Bitlis, Türkiye",ChIJjboTVAA7DUARvUKglpppWH8
Bitlis,BIM,"GAZİ BEY MAHALLESİ, BEDİÜZAMAN SAİDİ, KÜRT 1.CADDE NO 17, Bitlis Merkez/Bitlis, Türkiye",ChIJAQAAwPgjDUARjWcc8QJ5Iik
Bitlis,BIM,"Hüsrev Paşa, 1206 SOKAK NO:20, 13000 Bitlis Merkez/Bitlis, Türkiye",ChIJaV-XRmIkDUAR0U6U6dzV89s
Bitlis,BIM,"Atatürk, KÜLTÜR SOKAK NO:1, 13000 Bitlis Merkez/Bitlis, Türkiye",ChIJQdQYEVIhDUARMA9qNri725E
Bitlis,BIM,"Beş Minare, AHMET EREN BULVARI TAHİR MERT SİTESİ C BLOK NO:367, 13000 Bitlis Merkez/Bitlis, Türkiye",ChIJq6qqau0kDUARJboP2WMBK3Q
Bitlis,bim,"Beş Minare, Ahmet Eren Blv Hamamcoığlu Apt No:67/1, 13002 Başhan/Bitlis Merkez/Bitlis, Türkiye",ChIJf5K3h9g6DUARmDAQBlZvwj8
Bitlis,BIM,"Beş Minare, Ahmet Eren Blv 1. SOKAK NO:13 ZÜMRÜREVLER SİTESİ, 13002 Bitlis Merkez/Bitlis, Türkiye",ChIJf5K3h9g6DUAR3vZ0_RA1nSo
Bitlis,Bim,"BEŞMİNARE MAH, 13002 Bitlis Merkez/Bitlis, Türkiye",ChIJKbfwIAA7DUAR9yAS7OXuAC8
Bolu,Bim,"Kılıçarslan, Muhsin Yazıcıoğlu Blv. No:11, 14300 Bolu Merkez/Bolu, Türkiye",ChIJYRL1IAA_nUAR7cTxFQN6iGM
Bolu,Bim,"İhsaniye, Kır Sk. No:7, 14200 Bolu Merkez/Bolu, Türkiye",ChIJQ-cD1RM_nUARv__O2X9wZkE
Bolu,BIM,"Beşkavaklar, Çakmaklar Cd. NO:41/A, 14300 Bolu Merkez/Bolu, Türkiye",ChIJazv5WKc_nUARzQ36ZoIOitY
Bolu,Bim Poyraz şubesi,"Sağlık, Poyraz Sk. No:13, 14300 Bolu Merkez/Bolu, Türkiye",ChIJk4EjBQA_nUAR-5T-wIUqfMc
Bolu,BIM,"HAFIZ ESAT, Seviller, Gerede Cd. NO:2/A, 14200 Bolu Merkez/Bolu, Türkiye",ChIJg9ZHmhU_nUAR6dZKtf_COC4
Bolu,BIM,"Sağlık, Karadere Cd. No:59, 14300 Bolu Merkez/Bolu, Türkiye",ChIJISidPBw_nUARAisUGJXvBU8
Bolu,BIM,"Tepecik, Mercan Sk. No:14 A B-C, 14100 Bolu Merkez/Bolu, Türkiye",ChIJr_gdIYJAnUARhbc5nCP2yW4
Bolu,Bim,"No:, Beşkavaklar, Derya Sk. No:1, 14300 Bolu Merkez/Bolu, Türkiye",ChIJTznOLgA_nUARPlcRzseFbcQ
Bolu,Bim,"Köroğlu, Gerede Cd. 28/B No:3, 14200 Bolu Merkez/Bolu, Türkiye",ChIJC-uPaT4_nUARGrWnPdpkFZw
Bolu,Bim-izzet Baysal Şubesi,"Kılıçarslan, İzzet Baysal Devlet Hst. Blv. NO:20/C, 14300 Bolu Merkez/Bolu, Türkiye",ChIJHU0aI5k_nUAR-GLF0sixJB4
Bolu,Bim,"Karaçayır Mah Ali Rıza Tekemen Cad. B-Blok 30c/43, Türkiye",ChIJ_SdvOWY_nUARwtF27Xu9d5g
Bolu,BIM,"CUMHURİYET MAHALLESİ AYGÜNDÜZ ÇAMLIOĞLU APARTMANI DIŞ KAPI, SÜMER MAHALLESİ, NO:148/B, İÇ KAPI NO:17, Bolu Merkez/Bolu, Türkiye",ChIJPyf2XWs_nUARSbydSdl8oPI
Bolu,Bim,"Tepecik, Cumhuriyet Cd. No: 251, 14100 Bolu Merkez/Bolu, Türkiye",ChIJx3Kv6oJAnUARwlvtJy3N32s
Bolu,BIM,"DIŞ KAPI, Borazanlar, Gelincik Sk. NO:16/A, 14100 Bolu Merkez/Bolu, Türkiye",ChIJVVVVVXY_nUARlQqJJhLoO4o
Bolu,BIM,"İÇ KAPI NO:17 DIŞ KAPI, Aşağısoku, Karadere Cd. NO:4-A, 14300 Bolu Merkez/Bolu, Türkiye",ChIJp8y68Bs_nUARqlTOIKA50Zo
Bolu,BIM,"AKPINAR KONUTLARI, Akpınar, Şht. Muhtar Cd. NO:71/A, 14200 Bolu Merkez/Bolu, Türkiye",ChIJJ_mlr2o_nUARJfT-RVDz0V4
Bolu,Bim,"Kılıçarslan, 14300 Bolu Merkez/Bolu, Türkiye",ChIJjVQd-IM_nUARYWdJSW-6eME
Bolu,bim bolu,"Semerkant, 14000 Bolu Merkez/Bolu, Türkiye",ChIJebDjB_M_nUARRX3g88jhzdU
Bolu,BIM,"DIŞ KAPI, İÇ KAPI, Tabaklar, Reşat Aker Sk. NO:37­38 NO:36/A, Bolu Merkez/Bolu, Türkiye",ChIJGVwOSGw_nUARQO5qpopCpSI
Burdur,Bim Market,"Konak, Kalekapı Cd. No:58, 15200 Burdur Merkez/Burdur, Türkiye",ChIJMxlpUuotxBQRuDAisv_EXUk
Burdur,Bim Market,"Emek, Yahya Kemal Cd. No:29, 15100 Burdur Merkez/Burdur, Türkiye",ChIJ5fGCBQIsxBQRDLpW9O-iDrI
Burdur,BIM,"Atatürk, Fahri Şentürk Cd., 15100 Burdur Merkez/Burdur, Türkiye",ChIJH6OjGAApxBQRs41jH1N8_cE
Burdur,Bim,"Menderes, Kemal Solmaz Cd. No:19, 15100 Burdur Merkez/Burdur, Türkiye",ChIJi3GoMEwsxBQRT96hmJcrfcY
Burdur,Bim,"Armağan İlci, Nene Hatun Cd. No:40, 15100 Burdur Merkez/Burdur, Türkiye",ChIJo_ZZx2EtxBQRQAVrRIPtcVs
Burdur,BIM-şirinevler Branch,"Şirinevler, Armağan İlci Blv. No:87, 15040 Burdur Merkez/Burdur, Türkiye",ChIJq1S2B7MtxBQR_7qujulqTF8
Burdur,Bim Satılmış Şubesi,"Aydınlıkevler, 15040 Burdur Merkez/Burdur, Türkiye",ChIJFRKIG5stxBQRH9kau58hW8w
Burdur,BIM,"Konak, Kalekapı Cd. 56/1-2, 15200 Burdur Merkez/Burdur, Türkiye",ChIJbYIPQCUsxBQRjdSbSLtpoiI
Burdur,Bim,"Burç Mahallesi Cumhuriyet Caddesi No:22, Burç, BEDİROĞLU APT No:20, 15200 Burdur Merkez/Burdur, Türkiye",ChIJfVhEiR4sxBQRJ_kRF1Kj4sE
Burdur,BIM,"Bozkurt, Armağan İlci Blv. No:114 D:4-15 Blok A-B-C-D, 15040 Burdur Merkez/Burdur, Türkiye",ChIJA54qSK8txBQRxAHfwdcIb78
Burdur,BIM,"Atatürk Mh, Fahri Şentürk Cd. No:18/A, 15100 Burdur Merkez/Burdur, Türkiye",ChIJg1kAhkMpxBQR0eba5DU62Fw
Burdur,BIM,"Bahçelievler, Yunus Emre Cd. Mega Apt D:12 / 3-4, 15100 Burdur Merkez/Burdur, Türkiye",ChIJVVVVlSEsxBQRKLIPrCQNVFE
Burdur,Bim,"Bahçelievler Mah, Armağan İlci, Yunus Emre Cd. Mega Apt No:4 No:12 D:3, 15100 Burdur Merkez/Burdur, Türkiye",ChIJix9qzx0sxBQR6v_RxpN2k7s
Burdur,BIM,"Bağlar, Durum Dede Sk. No:9 A B, 15100 Burdur Merkez/Burdur, Türkiye",ChIJIXharDksxBQRIL3Xw6iDhbM
Burdur,Bim,"Fevzi Çakmak, Şair Nedim Cd. No:46/1, 15100 Burdur Merkez/Burdur, Türkiye",ChIJp1QotVYpxBQRXQJjVJ-UNL0
Bursa,Bim,"Elmasbahçeler, 1. Eski Sk. Baran Apt 3/b No:1a/30, 16160 Osmangazi̇/Bursa, Türkiye",ChIJ0fpwVdc_yhQRBPTM2THHfJI
Bursa,Bim market,"Fidyekızık Mh, 6. Fatih Sk. No:9, 16300 Yıldırım/Bursa, Türkiye",ChIJ6fWWzsQ_yhQRFGFfvTEFakE
Bursa,Bim market,"Kırcaali, 10. Şirin Sk. NO:21, 16220 Osmangazi̇/Bursa, Türkiye",ChIJGzKuMwA_yhQRzAjEkJlth1c
Bursa,BIM,"Koşukavak:, Küçükbalıklı, 11. Ufuk Sk., 16250 Osmangazi̇/Bursa, Türkiye",ChIJDzEXTrU_yhQR8RRZaEXbmvQ
Bursa,Bim,"Hacıseyfettin, Beyazıt Cd. No:50 D:56، 16350 Yıldırım/Bursa, Türkiye",ChIJtfU6KvM_yhQRfQhhclc3ZGw
Bursa,Bim,"Cumhuriyet Mah, 4.Cad Optimum Sitesi A Blok No:8 A-B-C-D-E, 16375 Osmangazi̇/Bursa, Türkiye",ChIJg1tTVRUWyhQRMuEIUq7nR1k
Bursa,BIM,"Kayıhan, Keresteci Sk. No:33, 16230 Osmangazi̇/Bursa, Türkiye",ChIJu81P1N89yhQR2qOStKz5GHU
Bursa,BIM,"Selvili, Demirtaşpaşa, Bahçe Sk No:54/A-56/A, 16220 Osmangazi̇/Bursa, Türkiye",ChIJazeDCnM-yhQREXVm1esYO7w
Bursa,BIM,"Tayakadın, Kocasinan Cd. No:75-77, 16220 Osmangazi̇/Bursa, Türkiye",ChIJzyThews-yhQRuGYIRyes-Js
Bursa,BIM,"Piremir, 7. Can Sk. No:17A, 16340 Yıldırım/Bursa, Türkiye",ChIJJ7-1nNE9yhQRTax26ot1jF4
Bursa,BIM,"Hacıseyfettin, 22. Dere Sk B Blok 2/3A-2/3B, 16270 Yıldırım/Bursa, Türkiye",ChIJ9fBoPl4-yhQRn1AV4pqmVDw
Bursa,BIM,"Şehit, Zekaigümüşdiş Mah, 4. Çatal Sk. No:31, 16220 Osmangazi̇/Bursa, Türkiye",ChIJ076Rzgk-yhQRy4Bk6vTrFzU
Bursa,BIM,"Karamazak, 4. Can Sk. No:5/A, 16360 Yıldırım/Bursa, Türkiye",ChIJxSW7mNk9yhQRtuPy9b9f_OA
Bursa,BIM,"Davutdede, Mahmudiye Cd. No:4 D:A, 16350 Yıldırım/Bursa, Türkiye",ChIJxRE7lno-yhQRsPDBKN4jQLI
Bursa,BIM,"Bağlaraltı. Mah, Alacamescit, A 108 S, 16020 Yıldırım/Bursa, Türkiye",ChIJ____T-A9yhQRkS5_hHJZ290
Bursa,BIM,"Nalbantoğlu Maksem Cd. A.N, 1. Aktar Sk. Apt. Sitesi No:92/B, Osmangazi̇/Bursa, Türkiye",ChIJlYqXbuQ9yhQRUIX167ooP-A
Bursa,BIM,"Küçükbalıklı, 6. Cd. No:35-37/A D:B, 16250 Osmangazi̇/Bursa, Türkiye",ChIJl9dHjrI_yhQRmlHNQ-855Tk
Bursa,BIM,"Sırameşeler, Alemdar, 1. Songül Sk. No:13/A, Osmangazi̇/Bursa, Türkiye",ChIJIUw2QO0VyhQRSmx-evSLTpg
Bursa,BIM,"Alemdar, 1. Bahçeli Sk. No:51, 16190 Osmangazi̇/Bursa, Türkiye",ChIJrX7Zhe0VyhQRBBdmlAIrSO4
Çanakkale,depo bim Çanakkale,"4GQ3+WV, 17100 Kurşunlu/Çanakkale Merkez/Çanakkale, Türkiye",ChIJ1cTEUQAHsRQREQYOltu853c
Çanakkale,Bim,"Cevat Paşa, İnönü Cd. No:66-68, 17100 Çanakkale Merkez/Çanakkale, Türkiye",ChIJDXvQGtKpsRQRSqNYdtj8qv0
Çanakkale,Bim,"Hamidiye, 17100 Kepez/Çanakkale Merkez/Çanakkale, Türkiye",ChIJq9aZZguqsRQR-oD-WX18VYg
Çanakkale,BIM,"Esenler, Ahmet Piriştina Cd. No:21 D:18, 17000 Çanakkale Merkez/Çanakkale, Türkiye",ChIJZ5r68YsHsRQRgGLk9FzstyQ
Çanakkale,Bim,"Cevat Paşa, 18 Mart Ünv. Anafartalar Kampüsü, 17000 Çanakkale Merkez/Çanakkale, Türkiye",ChIJDfmCgBqpsRQRXs2BLB__9vA
Çanakkale,Bim,"Cumhuriyet, Harmanlık Sk. No:8, 17110 Kepez/Çanakkale Merkez/Çanakkale, Türkiye",ChIJrVYhBACrsRQRKWFHfcTdHe8
Çanakkale,BIM,"Barbaros, Aziziye Cd. No:11, 17020 Çanakkale Merkez/Çanakkale, Türkiye",ChIJQSfHgcSpsRQRbhvnLXB_6Tc
Çanakkale,Bim,"Boğazkent, 17110 Kepez/Çanakkale Merkez/Çanakkale, Türkiye",ChIJkYg6khCqsRQRJznNVwVfFuk
Çanakkale,Bim,"Barbaros, Atatürk Cd. No:208, 17020 Çanakkale Merkez/Çanakkale, Türkiye",ChIJ0WRHN92psRQR_ABtWHGbDXw
Çanakkale,BIM,"İsmetpaşa, İzmir Cd. A Apt D:1/1/1, 17010 Çanakkale Merkez/Çanakkale, Türkiye",ChIJI5XhyJ8HsRQRS2ERXy0Rmd4
Çanakkale,BIM,"Barbaros, Öykü 1. Sk. No:1 D:1, 17020 Çanakkale Merkez/Çanakkale, Türkiye",ChIJi8kxMeGpsRQRtV8jTEq2O-Q
Çanakkale,BIM,"ŞEHİTLİK, Hamidiye, Rauf Denktaş Cd B Blok 2 / 2, 17100 Kepez/KEPEZ/Çanakkale, Türkiye",ChIJd7xqYAyqsRQR3OGgi4pwK2k
Çankırı,Bim,"Buğday Pazarı, Kozalife Sitesi No.17, 18100 Çankırı Merkez/Çankırı, Türkiye",ChIJRyOoHQDFg0ARH6l6H7_Ccpo
Çankırı,Bim,"Buğday Pazarı Mahallesi Şehit Mustafa Demir Caddesi 1/20-21 No:66, D:30, 18100, Türkiye",ChIJLan1bZ3Eg0ARk0deZ0sib4I
Çankırı,Bim,"Buğday Pazarı, Şht. Uğur Koç Cd. No:10 D:12, 18100 Çankırı Merkez/Çankırı, Türkiye",ChIJR9OsWg_Dg0ARFKpg-tQoJ70
Çankırı,Bim-istasyon Şubesi,"Abdulhalik Renda, Refik Saydam Cd., 18200 Çankırı Merkez/Çankırı, Türkiye",ChIJ78pt9YTEg0ARwfWmITrxuSI
Çankırı,Bim Erapark,"Buğday Pazarı, Şht. Uğur Koç Cd. No:12, 18100 Çankırı Merkez/Çankırı, Türkiye",ChIJl9AIfADDg0AR_wM5XpMb_ZU
Çankırı,Bim,"Fatih, Yapraklı Blv. No:31, 18100 Çankırı Merkez/Çankırı, Türkiye",ChIJF-oDS3vDg0ARf_ZAoECZZHE
Çankırı,BIM,"Karadaş Sitesi, Buğday Pazarı, Adaçay Sk. B Blok No:25, 18100 Çankırı Merkez/Çankırı, Türkiye",ChIJeS_5Np7Eg0ARx4P9Ap_DBrc
Çankırı,BIM,"Renda Mah, Abdulhalik Renda Abdul Halik, Yanlar Cd. 3/25-26, 18200 Çankırı Merkez/Çankırı, Türkiye",ChIJG_Xxt4bEg0AR88T6wHpOnPg
Çankırı,BIM,"Yeni, Ali İnandık Cd. NO:21/A-B, 18200 Çankırı Merkez/Çankırı, Türkiye",ChIJvRyrVYbEg0ARGBaoFzdOfBc
Çankırı,BIM,"Buğday Pazarı, Şht.Uzm.Çvş.Yavuz Bayram Cd 34/17-18, 18100 Çankırı Merkez/Çankırı, Türkiye",ChIJAQAAAJnEg0ARXIyZaMXR0X4
Çankırı,Bim,"Buğday Pazarı Mah, Ş.Özgür Kara Sk 2/61, 18100 ERAPARK/Çankırı, Türkiye",ChIJWxW21YPEg0AReLuta3jyHc4
Çankırı,Bim,"BUĞDAY PAZARI MH.ADAÇAYI SK, Şht. İbrahim Karataş Cd. SIT. NO:25, 18100 Çankırı Merkez/Çankırı, Türkiye",ChIJE3gqq5_Eg0ARoOjGSsYiBR0
Çankırı,Bim,"Karataş Mah. Şehit Burak Karayel Sk 14, Kastamonu Cd., 18100, Türkiye",ChIJyxKs3H_Eg0AR-g1b4a3876A
Çankırı,Bim,"Abdulhalik Renda, Çilingir Fevzi Usta Sk. 9 C, 18100 Çankırı Merkez/Çankırı, Türkiye",ChIJV7SFEYPEg0ARtjv9iXtzwho
Çankırı,Bim,"Yeni, Mehmet Akif Ersoy Cd., 18200 Çankırı Merkez/Çankırı, Türkiye",ChIJPwBVV4bEg0ARC1tEY2ixYao
Çankırı,Bim,"Cumhuriyet, Elif Cd. NO:3, 18100 Çankırı Merkez/Çankırı, Türkiye",ChIJX7vhP4LEg0ARnHltrXg5DFE
Çankırı,BIM,"DR, Abdulhalik Renda, Refik Saydam Cd. MENEKŞE SİT A BLK NO:2/47, 18200 Çankırı Merkez/Çankırı, Türkiye",ChIJ3x1Jj5rEg0ARYkaI-MFgONE
Çorum,Bim,"Kale, Hüyük Cd. No:19, 19100 Çorum Merkez/Çorum, Türkiye",ChIJ6fkatMMqh0ARDF2HaFlcxL0
Çorum,Bim,"Buharaevler, Selçuk 41. Sk. Çağdaş Apt 18 5/17-18 No:5/17, 19030 Çorum Merkez/Çorum, Türkiye",ChIJ11eYEJrVhkARztIH6-d7YmY
Çorum,Bim,"Gülabibey, Cengiz Topel Cd. No:81, 19100 Çorum Merkez/Çorum, Türkiye",ChIJyynGub4qh0ARu5TDzKSqe98
Çorum,BIM,"Mimar Sinan, Küçük Sanayi 91. Sk. No:1, 19100 Çorum Merkez/Çorum, Türkiye",ChIJHxcQ3DjVgEARNkOjnSHJk38
Çorum,Bim,"Ulukavak, Tek Ceviz 23. Sk., 19040 Çorum Merkez/Çorum, Türkiye",ChIJbfmtSILVhkARDKWYAdrHzcA
Çorum,BIM,"Buharaevler, Dr. Sadık Ahmet Cd. No: 78 / C, 19030 Çorum Merkez/Çorum 78, Türkiye",ChIJR3YuGnbVhkARE8IFkRzIfog
Çorum,Bim,"Ulukavak, Çamdeğirmeni Sk. No:2, 19040 Çorum Merkez/Çorum, Türkiye",ChIJq6lQVwDVhkARwiLW5AxJrQs
Çorum,Bim,"Ulukavak, Söğütlüevler Cd., 19040 Çorum Merkez/Çorum, Türkiye",ChIJL8ynUL3VhkARROyrU5no6uU
Çorum,BIM,"Üçtutlar, Ahçılar 13. Sk. 23/A, 19030 Çorum Merkez/Çorum, Türkiye",ChIJL_1EhIcqh0AR2ATgPburlcw
Çorum,BIM,"Buharaevler, Mahmutevler Cd. No: 36 A D:36, 19030 Çorum Merkez/Çorum, Türkiye",ChIJRSXtvZ7VhkARlUn-mEXy_Tc
Çorum,BIM,"Ulukavak, Kunduzhan 1. Cad No:12 / A 12/A, 19040 Çorum Merkez/Çorum, Türkiye",ChIJVVVVVWnVhkARS0YHpPQgCsM
Çorum,BIM,"Çorum mağazası adresi, Gülabibey, Bağcılar, Bağcılar 4. Cd. No:1/A-B, Çorum, Türkiye",ChIJVVVVVdIqh0AR2MwJG6wXkk0
Çorum,Bim,"Ulukavak, Osmancık Cd. No:97/A, 19040 Çorum Merkez/Çorum, Türkiye",ChIJD2yHBJ0qh0ARsfscu7ha7DY
Çorum,Bim,"Bahçelievler, 19200 Çorum Merkez/Çorum, Türkiye",ChIJ4bfp654rh0ARvu3xy7vHSIM
Çorum,Bim Market,"Ulukavak, Kunduzhan Cd., 19040 Çorum Merkez/Çorum, Türkiye",ChIJn83c0mPVhkARhEa2hRhjBsk
Çorum,Bim,"Karakeçili, Gazi Cd. No: 69/A, 19030 Çorum Merkez/Çorum, Türkiye",ChIJWyYaXZAqh0ARGEQ-9g83Rco
Denizli,Bim,"Şemikler, Gümüşler Blv. No:184, 20030, 20030 Denizli Merkezefendi/Denizli, Türkiye",ChIJ2ZRlmXU_xxQRfAAJvURPecs
Denizli,BIM,"Karaman, Fatih Cd. No:90, 20010 Denizli Merkez/Denizli, Türkiye",ChIJe3p6CqA_xxQRRvtEp4TGOWE
Denizli,BIM,"Kuşpınar, Emek Cd. No: 105 /A, 20150 Pamukkale/Denizli, Türkiye",ChIJm-Q_nAY_xxQR705mZbtjOmU
Denizli,Bim Market,"Selçuk Bey, 20030 Merkezefendi/Denizli, Türkiye",ChIJh3m9nL5BxxQRiAHj7Xwp2Lg
Denizli,Bim Bahceli Evler Şubesi,"Bahçelievler, 75. Sk. No:2, 20040 Denizli Merkez/Denizli, Türkiye",ChIJF3VhAAJBxxQRSx1I3Qb1UZc
Denizli,Bim Market,"Otobüs Durağı, Karşıyaka, 2386. Sk., 20170 Pamukkale/Denizli, Türkiye",ChIJU6R-Z94VxxQRmO6DsjVw6Cc
Denizli,Bim,"Topraklık, Fevzi Çakmak Blv. No:16 D:2, 20150 Pamukkale/Denizli, Türkiye",ChIJFRDh6DQ_xxQRXVvbfE2fWYE
Denizli,BIM,"Saraylar, Ahi Sinan Cd. No:15b, 20010 Denizli Merkezefendi/Denizli, Türkiye",ChIJGwLVTrY_xxQRMVxR92Vnr6U
Denizli,Bim,"Değirmenönü, 1471. Sk. No:13, 20010 Denizli Merkez/Denizli, Türkiye",ChIJy2FbDQg_xxQRhgew3Cons-8
Denizli,Bim Market,"Selçuk Bey, 646. Sk. No:19/A, 20030 Denizli Merkezefendi/Denizli, Türkiye",ChIJb1iVBmRAxxQRKAhPqa6EQzE
Denizli,Bim,"Akkonak, Fatih Cd. No:49, 20010 Denizli Merkez/Denizli, Türkiye",ChIJL2pF-jw_xxQRtEjTxGRKHMI
Denizli,Bim,"Gümüşçay, Erbakır Cd. No:13, 20030 Denizli Merkezefendi/Denizli, Türkiye",ChIJ2eme6KA_xxQR6NbYlz4JbXc
Denizli,Bim,"Akkonak, Lozan Cd. No:98, 20010 Denizli Merkez/Denizli, Türkiye",ChIJa4Ap6Qk_xxQRw5l24jhDR-A
Denizli,BIM,"Merkez Efendi, Mah, Fatih Cd. No:34/A, Denizli Merkezefendi/Denizli, Türkiye",ChIJVVVVVXY_xxQRxTCeGiXDuw0
Diyarbakır,Bim market,"Fırat, 21070 Kayapınar/Diyarbakır, Türkiye",ChIJZ8gWvJkfdUAR2RpGdDGCZCc
Diyarbakır,Bim 50 metre yol,"Mezopotamya, Mezopotamya Blv, 21070 Kayapınar/Diyarbakır, Türkiye",ChIJM-lUCgAfdUARvFu1_YunDOg
Diyarbakır,Bim Memursen,"Talaytepe, 21070 Kayapınar/Diyarbakır, Türkiye",ChIJe0IpXuMddUAROT9C6tkhR7I
Diyarbakır,Bim,"Ahmet Arif Cad./96. Sok H.şeyhmus Apt No:22-23, 21070, Türkiye",ChIJO-wAwMAfdUARAFOqhakbivw
Diyarbakır,Bim,"DİCLEKENT BULVARI ALTIN 2 APT, NO:32-33-34, 21010, Türkiye",ChIJ0ea1_DQedUARLJKuh4mQcMU
Diyarbakır,Bim,"Mezopotamya Mah.362 Sok. Gap-4 Sitesi A Blok, 21070 Kayapınar, Türkiye",ChIJB57n7VIedUAR4H0b7hMyD-A
Diyarbakır,BIM,"Bağıvar, Amidiye Cd. 30 A, 21200 Sur/Diyarbakır, Türkiye",ChIJi4v_sV0hdUARr19iFx22_bU
Diyarbakır,Bim,"5, Sanayi Mahallesi, 712. Sk. 12a D:12b, 21080 Yenişehir, Türkiye",ChIJo3AVhY8fdUARXA66ybFsjOg
Diyarbakır,Bim,"Peyas, Diclekent Blv., 21070 Kayapınar/Diyarbakır, Türkiye",ChIJ05swuT4fdUARFIWQBkC9JGc
Diyarbakır,Bim,"Peyas Mah. Musa Anter Cad. 315 Sok. Süme Apt.altı Tic.1, 21070 Kayapınar, Türkiye",ChIJHYrpwVEedUARrH6XAtLHyH4
Diyarbakır,Bim,"5 Nisan Mah.Lezgin Avcı Cad.Şeyal Sitesi 5a, 5 Nisan, Bağlar, Türkiye",ChIJIzfNjIQfdUAR3JMj5P0iKwA
Diyarbakır,BIM,"Mevlana Halit, Turgut Özal Blv. No:111, 21080 Bağlar/Diyarbakır, Türkiye",ChIJrT9Uer4fdUARkp6jSc5uDzc
Diyarbakır,Bim,"Selahattin Eyyubi Mah.343.Sok.Polkar 3 Apt. , BAYINDIRLIK, 21100, Türkiye",ChIJK5PXMxogdUAR1-o6sgmxKZQ
Diyarbakır,Bim,"Talaytepe, 563. Sk. 1 D BLOK, 21070 Kayapınar/Diyarbakır, Türkiye",ChIJ9xs6XOQedUAR0n9-CeYtXiY
Diyarbakır,Bim,"Muradiye, Cemiloğlu Cd. NO :26, 21090 Bağlar/Diyarbakır, Türkiye",ChIJeyU4QyggdUARQyyKtCCelYY
Diyarbakır,BIM,"MARKA EVLER, Bağcılar, Aram Tigram Bulvarı Zana 24 St Marka Evler Apt D:41 A/1, 21090 Bağlar/Diyarbakır, Türkiye",ChIJAQAAABQfdUARUtP9d_pPutk
Edirne,Bim A.Ş.,"Kemal, P94Q+XW, 22130 Kemal/Edirne Merkez/Edirne, Türkiye",ChIJ722L0IHXshQRL0k8uSjTaIg
Edirne,Bim,"Kurtuluş, Gül Ferah Cd. 23 I, 22020 Edirne Merkez/Edirne, Türkiye",ChIJ-aUsLgAvsxQRT6pnWQnqtVw
Edirne,BIM,"kocasinan mah, Vanioğulları sokak No:3, 22030 Edirne Merkez/Edirne, Türkiye",ChIJw_I2CFglsxQRzSqON6m12_Q
Edirne,Bim,"Cumhuriyet, Fetih Sk. 2D, 22030 Edirne Merkez/Edirne, Türkiye",ChIJ-65BXgAvsxQRYL1iKKEyIHU
Edirne,Bim,"1. Murat, Haşim İşcan Cd. NO: 1/A, 22030 Edirne Merkez/Edirne, Türkiye",ChIJdSeZzfQvsxQRWWCE1udYDDg
Edirne,BIM,"Koca Sinan, Dr. Ahmet Zafer Sk. No:40/1, 22030 Edirne Merkez/Edirne, Türkiye",ChIJbXtoSvYvsxQRu4k0W9iApvI
Edirne,BIM,"Mithat Paşa, Balık Pazarı Cd. No:42, 22020 Edirne Merkez/Edirne, Türkiye",ChIJJQXAsXovsxQRZjVsNU3cykQ
Edirne,BIM,"İstasyon Mh. Şehit Emniyet Müdürü Ertan Nezihi Turan Cd. No:54/A, Edirne Merkez/Edirne, Türkiye",ChIJbxQUt3YvsxQRtKoWTEY9NVA
Edirne,Bim,"Nişancıpaşa, Kıyık Cd. No:128, 22030 Edirne Merkez/Edirne, Türkiye",ChIJBVTV6ZgvsxQRPdhsF8aSrfw
Edirne,BIM,"Cumhuriyet, Abdi İpekçi Cd No:52, 22030 Edirne Merkez/Edirne, Türkiye",ChIJ6y6JwcEvsxQRJY-QbYjjDzw
Edirne,BIM,"İstasyon, Nilüfer Cd. No:28, 22100 Edirne Merkez/Edirne, Türkiye",ChIJMcec9mElsxQRqvMWvvv7gXQ
Edirne,BIM,"1 murat mah prof dr süheyl ünver cad. NO: 5/B, Edirne Merkez/Edirne, Türkiye",ChIJq6qqaowvsxQRg76Z5o2hW3g
Edirne,BIM,"Dilaverbey, Arif Paşa Cd. No:44-2, 22020 Edirne Merkez/Edirne, Türkiye",ChIJrVlstXovsxQRzIgV6rqKHXI
Edirne,BIM,"Nişancıpaşa, Buçuktepe Yeniyol Sk. no: 9/A, 22020 Edirne Merkez/Edirne, Türkiye",ChIJq6qqWpgvsxQRAirglfQ5_0w
Edirne,BIM,"Atatürk, Kara Ali Sk. Gözde Sitesi D:1 İç Kapı No:2 No:3, 22030 Edirne Merkez/Edirne, Türkiye",ChIJva7mHesvsxQR9xNFftAOFpQ
Edirne,BIM,"Şükrüpaşa, İlhami Ertem Cd. No:43/A, 22030 Edirne Merkez/Edirne, Türkiye",ChIJ6V_xfpIvsxQRtvNndcBYptM
Elazığ,Bim,"Cumhuriyet, M5C6+XH, 23190 Elazığ Merkez/Elazığ, Türkiye",ChIJz6Fr7yDBdkARSpAiumCfxHE
Elazığ,Bim,"Abdullah Paşa, 19. Sk. No:54, 23270 Elazığ Merkez/Elazığ, Türkiye",ChIJBVY7pZXrdkARvlWzyo3JrXk
Elazığ,Bim,"Ataşehir, Malatya Cd. No:89/A, 23040 Elazığ Merkez/Elazığ, Türkiye",ChIJp8Ht2gnrdkAR4PP0f-Y93lQ
Elazığ,Bim,"Sürsürü, Uryan Baba Sk. No:28, 23040 Elazığ Merkez/Elazığ, Türkiye",ChIJNd_2DwDBdkARRgAd_O_UcWg
Elazığ,Bim,"Güneykent, 23040 Elâzığ Merkez/Elazığ, Türkiye",ChIJ--RvXEvrdkARQyhBQA86IvM
Elazığ,Bim,"Doğu Kent, Bahaeddin Öğel Cd. No:136, 23280 Elazığ Merkez/Elazığ, Türkiye",ChIJHd29IdO_dkARmhVop7lXK8s
Elazığ,Bim,"Yeni Bağlar, 23350 Yazıkonak/Elâzığ Merkez/Elazığ, Türkiye",ChIJufKhFQy9dkAR8-qJPXsPUwY
Elazığ,Bim,"Rüstem Paşa, Kazım Karabekir Cd., 23100 Elazığ Merkez/Elazığ, Türkiye",ChIJW1BRo4W_dkAR9mfD2_v9a54
Elazığ,Bim,"Mustafa Paşa, Tahir Şaşmaz Cd. No:14, 23300 Elazığ Merkez/Elazığ, Türkiye",ChIJ3bu7PgDBdkARnDWCNVK4PEU
Elazığ,BIM,"Rızaiye, İzzet Paşa Cd. 8a, 23200 Elazığ Merkez/Elazığ, Türkiye",ChIJ2-mViXvAdkAR7UE_X20ugq8
Elazığ,Bim depo elazığ,"Yazıkonak, 23190 Yazıkonak/Elâzığ Merkez/Elazığ, Türkiye",ChIJO83Hy_m9dkARD5UHfTVzXWc
Elazığ,Bim,"Yeni, Bölge Sk. No:15/A, 23200 Elazığ Merkez/Elazığ, Türkiye",ChIJY7fvWWTAdkARFfWU8HGOQZk
Elazığ,bim,"Tan İşhanı, Çarşı Mah, İnönü Cd., 23200 Elazığ Merkez/Elazığ, Türkiye",ChIJPcc_GojAdkAR85X7w0Ifvjk
Elazığ,BIM,"Hicret, Öküzgözü Sk. 11a, 23040 Elazığ Merkez/Elazığ, Türkiye",ChIJwdFfKgrAdkAR_j9vjO731fw
Elazığ,BIM,"Fevzi Çakmak, Karslı Sk. 4d, 23200 Elazığ Merkez/Elazığ, Türkiye",ChIJXzKVUPXAdkARk6EBfty53KU
Erzincan,Bim,"Ergenekon, 130. Sk. No:1 A, 24050 Erzincan Merkez/Erzincan, Türkiye",ChIJ1fQhx6oMcEARRDqUBjOvb7E
Erzincan,Bim,"Atatürk, Ali Kemali Cd No:14, 24100 Erzincan Merkez/Erzincan, Türkiye",ChIJXwqSbMkMcEARPJD2vg1Z-_o
Erzincan,Bim,"Hamidiye, Necip Fazıl Cd. No:90, 24143 Erzincan Merkez/Erzincan, Türkiye",ChIJsaee2UwLcEARhX5pTDHxh8o
Erzincan,Bim,"Munzur, Atatürk Caddesi, Atatürk Cd., 24170 Geçit, Erzincan Merkez/Erzincan, Türkiye",ChIJoY51_uwNcEARy_0QKsLO5uM
Erzincan,Sultan Melik bim şubesi,"Kızılay, Sultan Melik Cd. 6/AB, 24024 Erzincan Merkez/Erzincan, Türkiye",ChIJASwhVVYNcEARJME3ChGL0sg
Erzincan,Bim-13 Şubat Şubesi,"Kızılay, 13 Şubat Cd., 24050 Erzincan Merkez/Erzincan, Türkiye",ChIJ8UxKpjRzcEARGDp8pujvwXU
Erzincan,Bim,"Aktoprak, Ekşisu Cad No:28/1a, 24045 Erzincan Merkez/Erzincan, Türkiye",ChIJhRaJD08NcEARuQxbbe8tSSE
Erzincan,BIM,"Başbağlar Mah. Kırklar Cad. No:116 Erzincan 116, Erzincan Merkez/Erzincan, Türkiye",ChIJ76lnQb4McEARi0nU0dCJypY
Erzincan,Bim,"Osmanlı, Şehitler Cd. 11/A D:2, 24139 Erzincan Merkez/Erzincan, Türkiye",ChIJaw94UlELcEARLUiVmBxpxEw
Erzincan,BIM,"Hamidiye, Binali Yıldırım_10 Sok No:66/F/G, 24143 Erzincan Merkez/Erzincan, Türkiye",ChIJ829P-Kp0cEAROfjAb_oA_cs
Erzincan,BIM,"İnönü, Mengüceli Cd. No:33 A-B, 24180 Erzincan Merkez/Erzincan, Türkiye",ChIJS8q04LMMcEARFc824FD1bO0
Erzincan,BIM,"Gülabibey, 13 Şubat Cad No:33a D:33b, 24100 Erzincan Merkez/Erzincan, Türkiye",ChIJ4YwagTJzcEARJOk6p7lsiNA
Erzincan,BIM,"Yenimahalle, Osman Pelen Cd. No:14a, 24050 Erzincan Merkez/Erzincan, Türkiye",ChIJveuOsbAMcEAR4k0wHuu6hjk
Erzincan,BIM,"Kızılay, Sultan Melik Cd. No:18, 24050 Erzincan Merkez/Erzincan, Türkiye",ChIJ_4WxJTVzcEAR06c_U46wTeE
Erzincan,BIM,"Ergenekon, 145. Sk. No:19 A, 24050 Erzincan Merkez/Erzincan, Türkiye",ChIJHTRRwlQLcEARPCkYaQOIEn8
Erzincan,Bim,"Taksim Mah.13 Şubat Cad.No:90/A Erzincan 90/A, 24050, Türkiye",ChIJN2uWvzFzcEARbBQYUxZjrs4
Erzincan,BIM,"Barbaros, Terzibaba Cd. No:83 A, 24100 Erzincan Merkez/Erzincan, Türkiye",ChIJJSdpPsAMcEAR3SdP6KmLS10
Erzincan,BIM,"Demirkent, 77. Sk. No:47 B, 24139 Erzincan Merkez/Erzincan, Türkiye",ChIJ0ydhOlsLcEARyiOK36rA7Sk
Erzurum,Erzurum Bim Depo,"Dadaşköy, 25050 Yakutiye/Erzurum, Türkiye",ChIJydFirdP3bkARyiJDQSdsUuY
Erzurum,BIM General Directorate of Erzurum,"Ciflik Mh. Havaalani Yolu Caddesi No:302, 25240 Yakutiye/Erzurum, Türkiye",ChIJL8hGaT1fbkARKtfml0oaMIU
Erzurum,Bim,"Kırmacı, Palandöken Cd. No:21, 25030 Yakutiye/Erzurum, Türkiye",ChIJ3VSG5adfbkARMXuBqNFGm4g
Erzurum,Bim Market,"Şükrüpaşa Unnamed Road, 25200 Yakutiye, Türkiye",ChIJczjNSV1fbkARc6WXrs4ZSM0
Erzurum,Bim,"Yunusemre, Öz Meral Sk. No:4 D:5 B, 25080 Palandöken/Erzurum, Türkiye",ChIJmVAm6HhfbkARAbMzXQB-zYE
Erzurum,Bim Market,"Hüseyin Avni Ulaş, 25080 Palandöken/Erzurum, Türkiye",ChIJSf_7Zz9fbkARJiaxZU1lepw
Erzurum,bim,"Kazım Yurdalan Mah, Şevket Arı Cd. 12 KAZIM, 25080 Palandöken/Erzurum, Türkiye",ChIJEQPPZqFfbkARJAJ-BJ9ez8E
Erzurum,BIM,"ŞEHZADE, Şükrüpaşa Mah.2.Şehzade Sok.Özteknik Evler, Apt. 12, 25200, Türkiye",ChIJQW6xd_j1bkARlLuMgzC-RGY
Erzurum,Bim,"Ertuğrul Gazi Mah, Yunusemre, Sakıp Efendi Cd. Çukurevler No:47, 25080 Palandöken/Erzurum, Türkiye",ChIJB35wI69fbkARGYxeU2gInWA
Erzurum,Bim,"Ömer Nasuhi Bilmen, Osman Gazi Cd. No:12, 25200 Yakutiye/Erzurum, Türkiye",ChIJPc2YRdf1bkARazGrGfq2OUE
Erzurum,BIM,"Yeni Mahalle Mah. Yeni Terminal Cad, TERMİNAL No:6, 25100, Türkiye",ChIJ__9P8RhfbkARtKsKbyToG9Q
Erzurum,BIM,"Sami Kabal Cad. Uğur Apt. No:18, Gürcükapı Cd., 25040 Yakutiye/Erzurum, Türkiye",ChIJAQBEL21fbkARq1PBZJzOkjU
Erzurum,Bim,"Selçuklu, 25090 Aziziye/Erzurum, Türkiye",ChIJZWTWJ9tZbkARi0zdvZGGb90
Erzurum,BIM,"Hasan-i Basri Mah. Deli Ömer Tarlası Deli Ömer, RABİA HATUN, Sk, 25030, Türkiye",ChIJQ98KQgpfbkARcV9F2Cut-eM
Erzurum,Bim,"Osmangazi, Müftü Solakzade, Atatürk Blv. No:221، 25070 Palandöken/Erzurum, Türkiye",ChIJeRIGIgBfbkARNuNjzB3ZkPs
Erzurum,Bim,"Lalapaşa, Samih Kobal Cd No:17 D:21, 25100 Yakutiye/Erzurum, Türkiye",ChIJ2wXmVhZfbkARvBfUgzFSrUQ
Erzurum,BIM,"Cihan, Hüseyin Avni Ulaş Mah. 212.Sok, Haznedar Sk. No:17/1 D:1 Sitesi A Blok, 25030, Türkiye",ChIJZ0PsuxJfbkARhhS2m9oaWT4
Eskişehir,Bim,"Emek, Dilek Cd. No:66, 26080 Odunpazarı/Eskişehir, Türkiye",ChIJd0Qhkcg9zBQRTmbvRpCiHU0
Eskişehir,Bim,"Fevziçakmak, Gündoğmuş Sk. No:53, 26230 Tepebaşı/Eskişehir, Türkiye",ChIJzwqvtD4-zBQRBa2CpLQ-puQ
Eskişehir,BIM,"Bahçelievler, Seylap Cd. 49/A, 26170 Tepebaşı/Eskişehir, Türkiye",ChIJU0kfhu8VzBQRmhtotyrhxQw
Eskişehir,Bim Toptan Fiyatina Perakende Satış,"Çankaya, Kıbrıs Blv. No:1/A, 26240 Odunpazarı/Eskişehir, Türkiye",ChIJkRiquJQ9zBQRChIXk-5cbJI
Eskişehir,Bim Toptan Fiyatina Perakende Satiş,"Deliklitaş mah.İbrahim Karaoğlanoğlu cd, 8 nolu işyeri Nergis apt No:2/C, 26090 Odunpazarı/Eskişehir, Türkiye",ChIJ3_KJCAQWzBQRcYrFn6RT_Ws
Eskişehir,BIM,"Cumhuriye, Sakarya-1 Cd. 19a, 26120 Tepebaşı/Eskişehir, Türkiye",ChIJoW62m_0VzBQRa6GPutUyUKA
Eskişehir,MesBim,"Köşe Bina 39, Çamlıca Mahallesi Birlik Caddesi İle, Çamlıca, Ertuğrulgazi Cd., 26180 Tepebaşı/Eskişehir, Türkiye",ChIJqYbo5I0WzBQR2whqUhvvoVU
Eskişehir,bim,"Kurtuluş, Vatan Cd. No:46, 26090 Odunpazarı/Eskişehir, Türkiye",ChIJ2S-fHv89zBQRZoysESuf9cM
Eskişehir,Bim,"Zafer, Gazi Yakup Satar Cd. No:181, 26220 Tepebaşı/Eskişehir, Türkiye",ChIJl0KLb1o_zBQRN9D-vbTMtUw
Eskişehir,Bim market,"Vişnelik, Vali Ali Fuat Güven Blv No:37, 26020 Odunpazarı/Eskişehir, Türkiye",ChIJi2vOsX8XzBQRf6bSUaU7_do
Eskişehir,Bim,"Esentepe, Yeşil Meydan Cd. 65 / A-B, 26210 Tepebaşı/Eskişehir, Türkiye",ChIJb4mAvZIVzBQRT2QqOGv2i4c
Eskişehir,Bim,"Emek, Ertaş Blv. No:97, 26080 Odunpazarı/Eskişehir, Türkiye",ChIJ800N2889zBQRccLst4Yp13s
Eskişehir,Bim,"Vadişehir, Goncagüller Sk. No: 4/A, 26080 Odunpazarı/Eskişehir, Türkiye",ChIJgz4crL09zBQRqQroiGke79Q
Eskişehir,Bim,"Ertuğrulgazi, Şahin Cd. No:32, 26150 Tepebaşı/Eskişehir, Türkiye",ChIJCYlBnkQXzBQRhYNE5t_f_Jw
Eskişehir,BIM,"Ömerağa, Yılmazlar Sk. 33/A, 26220 Tepebaşı/Eskişehir, Türkiye",ChIJAQD0vPsVzBQRlLWsBwzuhgQ
Eskişehir,Bim Toptan Fiyatina Perakende Satiş,"Hacı Seyit, Zübeyde Hanım Blv No:64, 26120 Tepebaşı/Eskişehir, Türkiye",ChIJ7-xqdPkVzBQRxI5CqJVwdOc
Gaziantep,Bim Gaziantep Depo,"İncesu, 27000 Şehitkamil/Gaziantep, Türkiye",ChIJ_4lE2AD9MRURi7q-_DHrlBM
Gaziantep,Bim,"Kıbrıs, 71044. Cd. No:36, 27200 Şahinbey/Gaziantep, Türkiye",ChIJLZ3x1Z_hMRUR5hqKlsgZS_0
Gaziantep,Bim,"Dumlupınar, 27300 Şahinbey/Gaziantep, Türkiye",ChIJM6l4XQDnMRURkftQb0Vw3z8
Gaziantep,Bim,"Karacaahmet, 27630 Şehitkamil/Gaziantep, Türkiye",ChIJAWzwpSzlMRURnpnUMkDdkZk
Gaziantep,Bim,"Güneş, Ulaş, 77. Cd. No:242/A, 27070 Şahinbey/Gaziantep, Türkiye",ChIJzQyy1bPhMRURjXOn-2xSgqU
Gaziantep,Bim hoşgör,"Cumhuriyet, 13012. Sk. No:29 D:13, 27245 Şahinbey/Gaziantep, Türkiye",ChIJo5E9qE7hMRUR6RCUwnOr3Zo
Gaziantep,Lefkoşa bim,"Boyno, Lefkoşe Cd. No:114, 27500 Şehitkamil/Gaziantep, Türkiye",ChIJcWAGweHjMRUR7BVCyl2skC4
Gaziantep,Bim,"Ocaklar, 57 Nolu Sk No:15, 27100 Şahinbey/Gaziantep, Türkiye",ChIJf46laurmMRURpxDSwRK9x5Y
Gaziantep,bim,"Değirmiçem, Süleyman Kuranel Cd. 14-22, 27090 Şehitkamil/Gaziantep, Türkiye",ChIJ93SOStThMRUR7mLXjEZoLsY
Gaziantep,BIM,"Çıksorut, Maaşkuyu Cd. No:191, 27080 Şehitkamil/Gaziantep, Türkiye",ChIJ1fYyY5_mMRURS1j0uuypCMg
Gaziantep,BIM,"Belkız, 08080 nolu cadde, 27580 Şehitkamil/Gaziantep, Türkiye",ChIJq3Y4RLrlMRURUvNRX8zHWso
Gaziantep,BIM,"Cengiz Topel, Yeşilırmak Gç. no:24, 27300 Şahinbey/Gaziantep, Türkiye",ChIJTyx-tM3mMRURI0LUK4jWpfQ
Gaziantep,BIM,"Bahçelievler, İnönü Caddesi Kapı No:5/A, 27080 Şahinbey/Gaziantep, Türkiye",ChIJaQ8QMEzhMRURYEJqeXGcIII
Gaziantep,BIM,"Kozanlı Mah, İnönü Cd. No:115, 27080 Şahinbey/Gaziantep, Türkiye",ChIJX6IOMEzhMRURXx5KBNp-_Ls
Giresun,Bim,"Aksu, İlker Sk., 28100 Giresun Merkez/Giresun, Türkiye",ChIJgxfhjnhuY0ARU0YTVQyWzzk
Giresun,BIM Market,"Çıtlakkale, Seyit Hoca Sk. No:4, 28200 Giresun Merkez/Giresun, Türkiye",ChIJPUEVfgBtY0AR1U9imKyF6gU
Giresun,Bim,"Sanayi Mahallesi, Gazi Mustafa Kemal Blv. No:15, 28100 Giresun Merkez/Giresun, Türkiye",ChIJ1f40XsxtY0ARpeklWnbsPkY
Giresun,Bim,"Gemilerçekeği, Kazım Karabekir Cd. No:42 A, 28100 Giresun Merkez/Giresun, Türkiye",ChIJFSLy4TVsY0ARcqR2aIfK2sE
Giresun,Bim,"Teyyaredüzü, Batlama Sanayi Cd. No: 138, 28000 Giresun Merkez/Giresun, Türkiye",ChIJy46f54VrY0ARm88kkDh14Cg
Giresun,Bim,"Çınarlar, Dr. Baki Gürkan Sk. No: 30, 28100 Giresun Merkez/Giresun, Türkiye",ChIJuUF__1FsY0ARrnv6z5B1_J4
Giresun,Bim Seyyid Mehmet Paşa,"Çıtlakkale, Petek Sk. No:4, 28200, 28200 Giresun Merkez/Giresun, Türkiye",ChIJHW4Fd4ZtY0ARWcWMtlaH-II
Giresun,Bim,"Adres Kodu:1849621543, Gedikkaya, Gazi Mustafa Kemal Blv. Gizem Apt. Sit No: 204 B, 28100 Giresun Merkez/Giresun, Türkiye",ChIJI5OJUsxtY0ARU92Setg3p6o
Giresun,Bim,"Sultan Selim, Kazancılar Sk. No:28, 28100 Giresun Merkez/Giresun, Türkiye",ChIJf2s0XVFsY0ARXs7C_SqqUvo
Giresun,BIM,"Teyyaredüzü, Karabekir Sk No:9-11a, 28200 Giresun Merkez/Giresun, Türkiye",ChIJ70q4v5tsY0ARgORiqbiALRE
Giresun,Bim,"Çınarlar, Sokakbaşı Cd. No:11-13 Abc, 28100 Giresun Merkez/Giresun, Türkiye",ChIJjbwzxU1sY0ARK18BxCVlSdE
Giresun,Bim,"Teyyaredüzü, Altın Yunus Cd. No:10-18a, 28200 Giresun Merkez/Giresun, Türkiye",ChIJLdqdnZBsY0ARCLNNFlSUpxs
Giresun,BIM,"Aksu, Mehmet İzmen Cd. No:16-18e, 28100 Giresun Merkez/Giresun, Türkiye",ChIJxf146oduY0AR8fByBkaiqD0
Giresun,Bim,"Hacısiyam, İnönü Cd. No:50, 28200 Giresun Merkez/Giresun, Türkiye",ChIJ0-zhkFxsY0ARqDLQsEoEPC4
Giresun,Bim Market,"Nizamiye, Laçin Sk. No:74/A, 28200 Giresun Merkez/Giresun, Türkiye",ChIJd5ZDuE9sY0ARscs2CILutZw
Giresun,BIM,"Tuna Sok, Hacısiyam, İnönü Cd. No:7-9a, 28200 Giresun Merkez/Giresun, Türkiye",ChIJV3GD3FpsY0AR7TbdrxibJKc
Giresun,Bim,"Adres Kodu:3245218254, Kale, Gazi Mustafa Kemal Blv. No: 16 B, 28000 Giresun Merkez/Giresun, Türkiye",ChIJZURUeVRsY0ARqxW17buvpMk
Gümüşhane,BIM,"Yeni, Mehmet Akif Ersoy Sk. 32/A, 29000 Gümüşhane Merkez/Gümüşhane, Türkiye",ChIJs5QDgsQbZUAR422hKR7zRy8
Gümüşhane,Bim,"İnönü, 29000 Gümüşhane Merkez/Gümüşhane, Türkiye",ChIJD0LEaQAbZUARapAuWbUKUJg
Gümüşhane,Bim Mavi çarşı,"Karaer, Ahmet Ziyauddin Gümüşhanevi Cd. No:5, 29000 Gümüşhane Merkez/Gümüşhane, Türkiye",ChIJUZXXCpwbZUARB4ruVJ0pT_4
Gümüşhane,BIM,"İnönü, 15 Şubat Cd. No:52, 29000 Gümüşhane Merkez/Gümüşhane, Türkiye",ChIJBcKsHOgbZUAREqCd3kbkGl0
Gümüşhane,BIM,"Hasanbey, Harşit Sk. Hilal 29 Sitesi No: 29 / 1, 29010 Gümüşhane Merkez/Gümüşhane, Türkiye",ChIJ97FrrvAbZUAR_l39osOIA_E
Gümüşhane,Bim,"Yeni Mahallesi Kazım Karabekir Caddesi No:8 Simge Apt. No:5 3a, D:3b, 29000 Gümüşhane Merkez/Gümüşhane, Türkiye",ChIJEx9sXdsbZUAR2mFVyXQe5Ns
Hakkari,Bim Market,"Dağgöl, Hakkari-Van Blv. Caddesi D:110, 30000 Hakkâri Merkez/Hakkari, Türkiye",ChIJgQXljkUAD0ARTVzdreis23c
Hakkari,Bim Market,"Keklikpınar, Şırnak - Hakkari Yolu No:228, 30000 Hakkâri Merkez/Hakkari, Türkiye",ChIJrxgMKAABD0ARAHA2p7px0HQ
Hakkari,Bim,"Sümbül, Hakkari-Van Blv. No:211, 30000 Hakkâri Merkez/Hakkari, Türkiye",ChIJYUmKM2YBD0AR_FbVoig3s10
Hakkari,bim,"Dağgöl, Sağlık Cd. No:9, 30000 Hakkâri Merkez/Hakkari, Türkiye",ChIJPc-RzkkAD0ARjBkW8ST8Nj0
Hakkari,BIM,"Bulak, Altay Cd. No:15, 30000 Hakkâri Merkez/Hakkari, Türkiye",ChIJ0aN-S0cAD0ARqRbRP7D2RyE
Hakkari,BIM,"Dağgöl, Hakkari-Van Blv. Demirciler Apt D:44, 30000 Hakkâri Merkez/Hakkari, Türkiye",ChIJcYU3vUUAD0ARZCpoaf2pjFU
Hakkari,BIM,"Sümbül, Bayram Çallı Caddesi No:1, 30000 Hakkâri Merkez/Hakkari, Türkiye",ChIJAQAAAIsAD0ARjKDDM5i3Q04
Hakkari,Bim,"Pehlivan, Kayacan Cd., 30000 Yüksekova/Hakkari, Türkiye",ChIJAQAAQDgAD0AREFS7N5AhQFs
Isparta,Bim,"İstiklal, 116. Cd. No:22, 32300 Isparta Merkez/Isparta, Türkiye",ChIJ177uSfi1xRQR7jSAdgFCL_k
Isparta,Muzaffer Sinop Bim,"Muzaffer Türkeş, Muzaffer Sinop Cd. No:32200, 32200 Isparta Merkez/Isparta, Türkiye",ChIJh0ypNGTLxRQRHc74QX2T-Y4
Isparta,Bim,"Gülistan, Gölcük Cd. No:91b, 32100 Merkez/Isparta, Türkiye",ChIJOUiZ5Y21xRQRhkmstyvq4pc
Isparta,BIM,"Hızırbey, 155. Cd. No:20/1, 32100 ALİYILMAZ/MERKEZ/Isparta, Türkiye",ChIJMUI3oIW1xRQR80W2zUkhxco
Isparta,Bim,"Bahçelievler, Hilmi Çakmakçı Cd. No:172, 32200 Isparta Merkez/Isparta, Türkiye",ChIJ9UL8cwC1xRQROw-BjPP7N0g
Isparta,BIM,"Yedişehitler, Deregümü Cd. No:56-58/1, 32200 MERKEZ/Isparta, Türkiye",ChIJ3wekNI21xRQRlHC5FHQmMZA
Isparta,Bim,"Bahçelievler, 32200 Isparta Merkez/Isparta, Türkiye",ChIJKY8x2CK1xRQRZ8Enx74eTzI
Isparta,BIM,"CUMHURİYET- MERKEZ, Çünür, 275. Cd No:14A, 32200 Isparta Merkez/Isparta, Türkiye",ChIJszPOaje2xRQRdb4TZTX3tbM
Isparta,Bim,"Modern Evler Mah.142 Cad. No: 40 Boylu Apt, No: 1, 32200 MERKEZ, Türkiye",ChIJaVuUVXW2xRQRfKFXh1s7HAE
Isparta,BIM,"Fatih Mahallesi, SÖYLEYİCİLER- MERKEZ, 4579. Sk. No:57-A, 32200 Isparta Merkez/Isparta, Türkiye",ChIJwyH7tf21xRQRj0OTUi9pnT8
Isparta,BIM,"Bahçelievler, 102. Cadde SÜLEYMAN DEMİREL-MERKEZ No: 93/4-5, 32602 Isparta Merkez/Isparta, Türkiye",ChIJ____v-61xRQRw-CNIpty3WU
Isparta,BIM,"Zafer, 5044. Sk. No: 1-7, 32200 MERKEZ/Isparta, Türkiye",ChIJO2a_AwvKxRQRICDbkb_m7P0
Isparta,BIM,"Ayazmana Merkez/Isparta, No:14-18a, MESİRELİK/MERKEZ, 4418. Sk. A Blk No: 14-18a/1, Türkiye",ChIJj0hm41G0xRQR5i3p1kyuWvs
Isparta,BIM,"RUS PAZARI, Davraz, MERKEZ, 3955. Sk. No:11/7 No:11/7, 32300 Isparta Merkez/Isparta, Türkiye",ChIJc_a_3jS0xRQRNvX5apMXjbg
Mersin,Bim,"Bahçelievler, 33140 Yenişehir/Mersin, Türkiye",ChIJOYm6WQD1JxURq0tr_v3qHSU
Mersin,Bim,"Hal, 6018. Sk. No:19, 33020 Camili Köyü/Akdeniz/Mersin, Türkiye",ChIJVVLNlKXzJxURra0Lv7qd_F4
Mersin,Bim,"Özgürlük, 152. Cd. No:13, 33020 Camili Köyü/Akdeniz/Mersin, Türkiye",ChIJO7YlKxzyJxURIGBNUmYKOzw
Mersin,Bim,"Cami Şerif, 5225. Sk. No:4, 33060, 33060 Akdeniz/Mersin, Türkiye",ChIJQ0j6Xe_zJxURufLEsuHfIHk
Mersin,Bim Toptan Fiyatina Perakende Satiş,"Çay, Cumhuriyet Blv. No:13, 33020 Akdeniz/Mersin, Türkiye",ChIJ625RezzuJxUR40_Kjump-iM
Mersin,Bim,"Merkez Mah. Alparslan Türkeş Blv. İç Kapı No:144 / A, 144. Cd., 33040 Bozyazı/Mersin, Türkiye",ChIJp7kjb9XzJxURFxWGRovjqQ0
Mersin,BIM,"Üçocak, 5436. Sk. 37/1, 33050 Akdeniz/Mersin, Türkiye",ChIJxRG207PzJxURp302O1V_jK4
Mersin,Bim,"Güvenevler, 1913. Sk., 33140 Yenişehir/Mersin, Türkiye",ChIJA3BZJQD1JxURR_l-gCxTHWw
Mersin,Bim,"Diba İnş. Altı, Menderes Mah, Mehmet Akif Ersoy Sk, 33060 Mezitli/Mersin, Türkiye",ChIJ16Z7TKTzJxURJipzLdT2XHE
Mersin,Beşyol Bim,"Güneş, 5864. Sk. No:26, 33040 Camili Köyü/Akdeniz/Mersin, Türkiye",ChIJG4FCVGHzJxUR5eBs2F7l9xk
Mersin,Bim,"Hürriyet, 1784 Nolu Sok No:12 / 4, 33120 Yenişehir/Mersin, Türkiye",ChIJ42nidKf0JxURWLzjl2GsdDA
Mersin,BIM,"Internal Door, 163rd Street No:23 No: ABCD, Hal, Akdeniz/Mersin, Türkiye",ChIJAbHU0rTzJxURqklLnFOgL9Y
Mersin,Bim,"Selçuklar, 212. Cadde No: 112, 33250 Toroslar/Mersin, Türkiye",ChIJwSz9-8DzJxURhLfwveDJJ28
Mersin,BIM,"Cami, Cami Şerif, Uray Cd. NO:56, 33060 Akdeniz/Mersin, Türkiye",ChIJ0dmD3onzJxURV4crg8s64Lo
Mersin,Bim,"Zeki Ayhan Mah. Bozkurt Cad. 8026 Sok. 2, Toroslar/Mersin, Türkiye",ChIJq6qqapDzJxURgfCKKJWMC4M
Mersin,Bim,"Limonluk Mah. 24125 Sk. Hz. Hızır Cami B Blok No:3ba 3ba, Yenişehir/Mersin, Türkiye",ChIJ_____4L0JxURreQ2TqdUjrk
İstanbul,Bim Market,"Molla Gürani, Oğuzhan Cd. 6/A, 34093 Fatih/İstanbul, Türkiye",ChIJ94IRuzq6yhQRrRZcvgwwJts
İstanbul,BIM,"PANCAR-TORBALI, Kazım Karabekir Mah, Fatih 2. Mehmet Cad 2/1 A, 34093 Fatih/İstanbul, Türkiye",ChIJFY61sz66yhQRaekqEHf_T_U
İstanbul,BIM,"Bağlar Mah, Vali Konağı Cd. 2. Sk, No:5 Şişli/İstanbul, Türkiye",ChIJY6Zokw63yhQR8ozenNHJIgc
İstanbul,BIM,"Yavuz Sultan Selim, Kara Sarıklı Sk. No:12, 34083 Fatih/İstanbul, Türkiye",ChIJkyY6RPa5yhQR1xnwees-lAk
İstanbul,BIM,"Selimiye, Cumhuriyet, yeni) Cad No:33 /A, 34668 Üsküdar/İstanbul, Türkiye",ChIJAQAAAD-4yhQRveTlnGqdgt0
İstanbul,Bim Altun,"Barbaros Hayrettin Paşa, 34522 Esenyurt/İstanbul, Türkiye",ChIJYwF2MABftRQRBE2mh6_36N0
İstanbul,BIM,"Tekir Mah, Cumhuriyet Cd. No:31 D:1a, 34437 Beyoğlu/İstanbul, Türkiye",ChIJAwrwtm-3yhQR1IlOxYRYBJI
İstanbul,BIM,"Asık Pasa Mah.Sahlı Cad.2.Keskınkılıc, Apt. 1/3, Türkiye",ChIJr8Claj-3yhQRmdMF8LuDgGQ
İstanbul,Bim,"Bülbül, Serdar Ömerpaşa Cd. No:25, 34435 Beyoğlu/İstanbul, Türkiye",ChIJJS1lLWa3yhQR3XMbVlgV8gQ
İstanbul,BIM,"Mimar Sinan Mah, Akşemsettin, Tuti Abdüllatif Sk. No: 3, Fatih, Türkiye",ChIJS_WSkzy6yhQRqLCGXgIh4-k
İstanbul,BIM,"AKDENİZ, Akdeniz Cad, Hüsrev Paşa Sk No:2/1, 34080 Fatih/İstanbul, Türkiye",ChIJrw2RgSS6yhQR6Z9hYkvv0Yk
İstanbul,BIM,"Valide-i Atik, Büyük Selimpaşa Cd. No:5/A, 34672 Üsküdar/İstanbul, Türkiye",ChIJ93m4YSC4yhQRZenP7lrhHto
İstanbul,BIM,"Kültür Mah, Oğuzhan Cd. 61/A, 34093 Fatih/İstanbul, Türkiye",ChIJZVubpjq6yhQRHn4UBs4LIos
İstanbul,Bim,"Seyyid Ömer, Cevdetpaşa Cd No:124, 34098 Fatih/İstanbul, Türkiye",ChIJe-rX-DG6yhQRbdDaAAo1CgM
İstanbul,Bim,"Mercan, Tacirhane Sk. 21B, 34116 Fatih/İstanbul, Türkiye",ChIJ94O96JK5yhQRDwGLC0gRW1w
İzmir,BIM,"AHMET PİRİŞTİNA, Dicle, Fevzi Çakmak Cd. No:80/A No:80/A, 35370 Buca/İzmir, Türkiye",ChIJVVVVVZVmuRQRgJMmtemykTA
İzmir,BIM,"Eşrefpaşa Mh, 666. Sk. 16/A, 35240 Konak/İzmir, Türkiye",ChIJF04hrODYuxQRalSKcAA8uZE
İzmir,BIM,"Doğanay, 342. Sk. 11/1, 35360 Konak/İzmir, Türkiye",ChIJP6Fu_SbZuxQRgkA2Cos0spY
İzmir,BIM,"Atilla DERE 474 Sokak, Eşrefpaşa Cd. 256 / A, Konak, Türkiye",ChIJhRHyzdjYuxQR1d2tK_AMMLA
İzmir,BIM,"KİLİMCİTEPE. 2914 Sok, Bahar, Eski İzmir Cd. No: 112-116 D, 35110 Karabağlar/İzmir, Türkiye",ChIJzwJQZNXYuxQRxgcCahnfksE
İzmir,BIM,"Efeler Mahallesi Barbaros Hayrettin Paşa Caddesi, 320. Sk. 21/A, Buca, Türkiye",ChIJ9wQXK0vfuxQRwYlCYg75uqo
İzmir,BIM,"Alsancak, 1469. Sk. No:46, 35220 Konak/İzmir, Türkiye",ChIJq9pjUUPYuxQRl5Kcac7TIl8
İzmir,Bim,"Vatan, Faruk Akar Karasu Cd. 91-93, 35160 Karabağlar/İzmir, Türkiye",ChIJMyzlt7feuxQRURT4a52gTXo
İzmir,BIM,"Mordoğan Mah, İzmir Cad No:385, 35360 Konak/İzmir, Türkiye",ChIJux4YR_HYuxQR11m5NlOaWk4
İzmir,BIM,"Menderes, Seyfi Demirsoy Cd. No:10, 35370 Buca/İzmir, Türkiye",ChIJr4Y2NQDZuxQRQrGyjsGlLCE
İzmir,Bim,"Barış, 4544. Sk. No:6/A No:6/A, 35130 Karabağlar/İzmir, Türkiye",ChIJM_HHGNneuxQRMKHfad96sdA
İzmir,BIM,"Hürriyet, NATO, 468. Sk 24-28 B, 35370 Buca/İzmir, Türkiye",ChIJzx-Fxs3YuxQRb17S0KSrdGY
İzmir,Bim,"Güzeltepe, 8172. Sk. No:34/A, 35640 Çiğli/İzmir, Türkiye",ChIJx8VTH5LRuxQRnbOAlDY-iTU
İzmir,Bim,"Akıncılar, 556/1. Sk. No:1-3, 35380 Buca/İzmir, Türkiye",ChIJ6xzs0jDfuxQRM4EGVzg5Oko
İzmir,BIM,"Ulubatlı, 2755. Sk. No:59, 35190 Konak/İzmir, Türkiye",ChIJF0ZPBZzYuxQR-P_sKejH_WY
Kars,Bim,"Yusufpaşa, Halitpaşa Cd. No:43, 36000 Kars Merkez/Kars, Türkiye",ChIJ-_-xPt2OaUAR5w6G3QNhO9E
Kars,Bim,"Cumhuriyet, Hakim Ali Rıza Aslan Cd. No:11, 36000 Kars Merkez/Kars, Türkiye",ChIJWzha7IWPaUAR0NNUIOmhqMo
Kars,Bim,"Yeni, Cumhuriyet Cd. 40A, 36000 Kars Merkez/Kars, Türkiye",ChIJzVODZh6PaUARKu1eDWD4RiQ
Kars,BIM,"Yenişehir, 36000 Kars Merkez/Kars, Türkiye",ChIJdXIhYACJaUART4u5R3aOh9k
Kars,Bim,"Şehitler, Turan Çelik Cd. No:19, 36000 Kars Merkez/Kars, Türkiye",ChIJryLmQjGPaUARjJFvLRfIaR4
Kars,Bim,"Şehitler, İsmet İnönü Cd. No:86, 36000 Kars Merkez/Kars, Türkiye",ChIJGzB3aKOPaUAROvgrAX0gtB0
Kars,Bim,"Faikbey Cad. Adıgüzeller Petrol Karşısı Özaydın Apt. No:77, Türkiye",ChIJGZL5pMSOaUARoyTgMql8SZI
Kars,Bim,"Merkez, Dr. Halil Erdoğan Cd. No:19, 36000 Kars Merkez/Kars, Türkiye",ChIJ3cOwSsKOaUAR3G9H0WcezA0
Kars,BIM,"İstasyon, Faikbey Cd. No:108 D:120, 36000 Kars Merkez/Kars, Türkiye",ChIJI2U3vtuOaUARx7cT_jmfSiE
Kars,BIM,"Ortakapı, Şht. Yusuf Bey Cd. No:13, 36000 Kars Merkez/Kars, Türkiye",ChIJ5YiXSNqOaUARYBYYxxVDMCc
Kars,BIM,"Şehitler, Tayyare Sk. No:29 D:1, 36000 Kars Merkez/Kars, Türkiye",ChIJB8AxDiaPaUARMsGinZ5lnA4
Kars,BIM,"Yeni Mah. Turan Çelebi Cad, Hafız Paşa Cd. Emre Apt No:35 / 1 35 / 1, Kars, Türkiye",ChIJt-Gid9GOaUARwbhW-b9Dp5I
Kars,BIM,"İstasyon, Davut Aksu Cd. No:26, 36000 Kars Merkez/Kars, Türkiye",ChIJO7n_ZPiPaUARxDY1Nhgfu9o
Kars,BIM,"İstasyon, Faikbey Cd. 164 A, 36000 KIZILAY/Kars, Türkiye",ChIJW0qrhsSOaUAR_Xeb7bjWUDA
Kars,BIM,"İstasyon Ak Üzüm, Kurban Ali Çelik Cd, Davut Aksu Cd. No:1 Apt. 69, Kars, Türkiye",ChIJM2CRHcSOaUARi3CrJKmfh8w
Kars,Bim,"Yenişehir, Kanal Yolu, 36000 Kars Merkez/Kars, Türkiye",ChIJDW2xVTOPaUARe-amAP38_TE
Kars,BIM,"İstasyon, Faikbey Cd. No:186/19, 36000 Kars Merkez/Kars, Türkiye",ChIJuQSKPMGOaUARM5tyLwUPw_M
Kars,Bim,"Şht. J. Er Abdulbaki Kurcak Sok., No:9/2, Yeni, Kars Merkez/Kars, Türkiye",ChIJgzv3jrWPaUARO2679vkSPsM
Kars,BIM,"Aydınlıkevler, Celal Aras Cd. No:44, 36000 Kars Merkez/Kars, Türkiye",ChIJ_zR_HLmOaUARWwyb3pxxSfM
Kastamonu,Bim,"İsmailbey, Kışla Cd. No:59, 37100 Kastamonu Merkez/Kastamonu, Türkiye",ChIJJ6kxBQD7hEARROQHAEQ7a8Q
Kastamonu,Bim,"Mehmet Akif Ersoy, Şölen Sk. No:13, 37200 Kastamonu Merkez/Kastamonu, Türkiye",ChIJJVowHgr7hEARpgYspJ9eLDQ
Kastamonu,BIM,"PARK LİFE, Mehmet Akif Ersoy, Arnavutoğlu Cd. No:12/2, 37200 Kastamonu Merkez/Kastamonu, Türkiye",ChIJuX8Mzwj6hEARLqaS_Owetj4
Kastamonu,BIM,"Kuzeykent, Kazım Karabekir Cd. No:23-C, 37100 Kastamonu Merkez/Kastamonu, Türkiye",ChIJ5258CwH7hEAR6c7oLzLCwk0
Kastamonu,BIM,"Kuzeykent Mah. Bulutlu Sk. Unıvercıty A Blok, No:2a, Kastamonu Merkez/Kastamonu, Türkiye",ChIJ-f5Wnxn7hEARf40_QKBInXU
Kastamonu,Bim,"Candaroğulları, Alparslan Türkeş Blv., 37150 Kastamonu Merkez/Kastamonu, Türkiye",ChIJx9PUCET6hEARDeL9A6DY9f4
Kastamonu,BIM,"Kuzeykent Mah. Bilgin Sk. Panorama Bulvarı Sıtesı Blok Sites No:5b, KYK/Kastamonu, Türkiye",ChIJ46JGrQT7hEARNxlkRc9oPp4
Kastamonu,BIM,"İnönü Mah. Rauf Denktaş Cad Esenşehir, A Blok No:59/1-E, Kastamonu Merkez/Kastamonu, Türkiye",ChIJ6b58Sq7whEARPSRLGbHTCPE
Kastamonu,Bim,"Nur, 47200 Artuklu/Mardin, Türkiye",ChIJB7g2CRGPCkARSxC-0vKGyv4
Kastamonu,Bim-kuzeykent,"Kuzeykent, Kamil Demircioğlu Cd. No:6, 37150 Kastamonu Merkez/Kastamonu, Türkiye",ChIJnx63tAX7hEARtVkwljNodro
Kastamonu,Bim,"Candaroğulları, Serkan Meşe Sk. No:26 D:30, 37150 Kastamonu Merkez/Kastamonu, Türkiye",ChIJYXA3KMv7hEARM1UaWy3mZD0
Kastamonu,BIM,"Merkez, Gençlik Meydanı Sk. No:2-A B/C, 37922 Ağlı/Kastamonu, Türkiye",ChIJdQ9lBgkmhUAR03TJYFnayOQ
Kastamonu,Kastamonu BİM DEPO / Bim AŞ. Kastamonu Bölge Müdürlüğü,"halife köyü organize sanayii bölgesi 9.cadde no:3, 37100 Kastamonu Merkez/Kastamonu, Türkiye",ChIJ7xCA7nvjhEARUMB66SNYl28
Kastamonu,Bim Aş TOKİ MAĞAZASI,"Kuzeykent, Nar Sk. Haberiş Sitesi 7 B D:7 B, 37150 Kastamonu Merkez/Kastamonu, Türkiye",ChIJzdeVLrH7hEARsw_o3ENWJck
Kastamonu,Bim market,"Kuzeykent, Çalışanlar Sitesi 5 E, 37150 Kastamonu Merkez/Kastamonu, Türkiye",ChIJLdLLXUz7hEAR6-tAb9L5tsI
Kayseri,Bim Toptan Fiyatina,"Selçuklu, Konakçık Gç. No:6, 38050 Melikgazi/Kayseri, Türkiye",ChIJ8wow5G0OKxURbB9RLR1ZRCc
Kayseri,Bim,"Battalgazi, Büyük Menderes Cd. No:24/A, 38050 Melikgazi/Kayseri, Türkiye",ChIJl93ajuUNKxURGtq1_wASF4U
Kayseri,Bim,"Tacettin Veli, Lalezade Cd. 35-A, 38050 Melikgazi/Kayseri, Türkiye",ChIJGUUNfQkSKxURtgAM2af4YKk
Kayseri,Bim,"Yeniköy, Seher Blv. No:19/A, 38050 Melikgazi/Kayseri, Türkiye",ChIJiarH2kAOKxURqaMLqdUcJ7o
Kayseri,Bim,"Tavlusun Mah, Gaffar Okan Blv No:18/A, 38050 Melikgazi/Kayseri, Türkiye",ChIJfZrwwAgSKxUR9pFNgAOxrKw
Kayseri,Bim,"Yeşil, Erkilet Blv. No:240/A, 38090 Kocasinan/Kayseri, Türkiye",ChIJOQMPGoMRKxUR-GWuBR5oS6c
Kayseri,Bim,"Hürriyet Mah, Şht. Miralay Nazım Bey Blv. No:140/A, 38050 Melikgazi/Kayseri, Türkiye",ChIJt5ez8wAOKxURbrOq6cut7Fk
Kayseri,Kayseri bim depo 2,"Karpuzsekisi, 29. Sk., 38210 Melikgazi/Kayseri, Türkiye",ChIJH8MFewAFKxURw5dIpz_uJFQ
Kayseri,BIM,"Yenimahalle mah, EŞREF BİTLİS, Tavlusun Yolu Cad No:122/C, Melikgazi/Kayseri, Türkiye",ChIJt2kuSSZtKxURvsCOt8Mb3Cw
Kayseri,Bim,"Şirintepe, Malazgirt Blv. 4/A - B, 38350 Melikgazi/Kayseri, Türkiye",ChIJm778oshsKxURWvsljL215nM
Kayseri,Bim,"Bahçelievler, Kadir Has Blv., 38350 Melikgazi/Kayseri, Türkiye",ChIJOxvrqG1rKxURg0CV25OKXKM
Kayseri,BIM Kayseri Bolge Mudurluk,"Osb 30. Cad. D:26, Şeker/keykubat, Melikgazi, Kayseri, Türkiye",ChIJhTFnBh4SKxUR5YTAytf-IwA
Kayseri,Bim,"Yenidoğan, Matbaacılar Sitesi No:90, 38080 Kocasinan/Kayseri, Türkiye",ChIJD2wS8M0RKxURrgox0-L0PeE
Kayseri,Bim,"Yenidoğan, Defne Sk. No:14/A, 38280 Talas/Kayseri, Türkiye",ChIJVzZBU6ASKxURmv6rcnVOON4
Kayseri,BIM,"Şeker, Muhsin Yazıcıoğlu Blv. 103-B D:C, 38080 Kocasinan/Kayseri, Türkiye",ChIJmVb8-F0QKxUROIbmhuJDo94
Kırklareli,Bim market,"Bademlik, Kırklareli Devlet Hst., 39010 Kırklareli Merkez/Kırklareli, Türkiye",ChIJx9AADQBTp0ARkkkRIkhJyHo
Kırklareli,Bim,"İstasyon, Yaren Sk. No:42, 39000 Kırklareli Merkez/Kırklareli, Türkiye",ChIJ7y3X7GVTp0ARnD4WzjbybO8
Kırklareli,BIM,"Karacaibrahim, Kışla Cd. No:34, 39000 Kırklareli Merkez/Kırklareli, Türkiye",ChIJLySGOUFTp0ARcL_1Y1PJPik
Kırklareli,BIM,"Hamidiye Mah, Kırklareli Cad No:23 C, 39010 Kırklareli Merkez/Kırklareli, Türkiye",ChIJVaACnGpTp0ARlocWK9Ylx7Q
Kırklareli,BIM,"Karakaş, Cumhuriyet Cd. No:66a, 39010 Kırklareli Merkez/Kırklareli, Türkiye",ChIJy8pm4kFTp0AR9RsTyGQWBjc
Kırklareli,BIM,"Kocahıdır, Paşa Çeşme Cd. Erdıvanlı Apt No: 9/B, 39100 Kırklareli Merkez/Kırklareli, Türkiye",ChIJ6cnjP0BTp0ARjHxozQoCKL8
Kırklareli,BIM,"Karacaibrahim, Dere Üstü Sk. No:23, 39000 Kırklareli Merkez/Kırklareli, Türkiye",ChIJeZGXO0JTp0ARgQCoUZEvcgw
Kırklareli,BIM,"Demirtaş, Mehmet Ali Çk. No:33, 39000 Kırklareli Merkez/Kırklareli, Türkiye",ChIJh_L2xGpTp0ARDyFRvqhsI2Q
Kırklareli,BIM,"HERSEKLİ, İstasyon, Edirne Cd. No:20, 39000 Kırklareli Merkez/Kırklareli, Türkiye",ChIJAQDwU2dTp0ARun2So_xp4sg
Kırklareli,KONAK MAĞAZASI BİM MARKET,"Karacaibrahim mahallesi No:49/A, 39100 Kırklareli Merkez/Kırklareli, Türkiye",ChIJyXTr2LtTp0ARq3A2oYT_08A
Kırklareli,Bim,"Bademlik, Eriklice Cd. 20/A, 39000 Kırklareli Merkez/Kırklareli, Türkiye",ChIJHzfdiW1Tp0AR2G4LdTlWfBE
Kırklareli,Bim,"Akalar, Tırnova Cd. No:61, 39000 Kırklareli Merkez/Kırklareli, Türkiye",ChIJE2xCLD5Tp0ARiAsN7mot7yE
Kırklareli,Bim Market,"Karacaibrahim, Mecidiye Sk. 25/A, 39000 Kırklareli Merkez/Kırklareli, Türkiye",ChIJK-VrOkFTp0AR7V4xGm8X4yM
Kırklareli,KARACAİBRAHİM bim aş kırklareli Добре дошли в Kirklareli Bim,"Karacaibrahim, Mecidiye Sk. No:25, 39000 Kırklareli Merkez/Kırklareli, Türkiye",ChIJKz5A0z9Tp0AR19MkJ2tGM8I
Kırşehir,Bim,"Bağbaşı, Şht. Atilla Kandemir Cd., 40100 Kırşehir Merkez/Kırşehir, Türkiye",ChIJYQlEBAAN1RQRX6LETquhiGc
Kırşehir,Bim,"Kayabaşı, Kadıhanı Cd. No:51, 40100 Kırşehir Merkez/Kırşehir, Türkiye",ChIJtdSAvHwN1RQRX60H0LtXErc
Kırşehir,Bim,"Kaymaz Kara 25, Nasuhdede, Nursultan Nazarbayev Blv 25-27, 40100 Kırşehir Merkez/Kırşehir, Türkiye",ChIJ2yoopUsN1RQR-U0D5M6lXUU
Kırşehir,Bim,"Nasuhdede, 386. Sk. 2/A, 40100 Kırşehir Merkez/Kırşehir, Türkiye",ChIJDdnx0LRy1RQR7NkGkyzb-2E
Kırşehir,Bim,"Yenice, Şht. Lokman Aksüngü Cd., 40100 Kırşehir Merkez/Kırşehir, Türkiye",ChIJQ9ZuK-xz1RQR-i7g38uc6Oo
Kırşehir,Bim,"Yenice, Şht. Şevket Fidanboy Cd. No:25, 40200 Kırşehir Merkez/Kırşehir, Türkiye",ChIJpRSN_Nly1RQRY3mwcWvJ1Ds
Kırşehir,Bim,"Eda Apt, Bağbaşı, 1072. Sk. No:7 D:3, 40100 Kırşehir Merkez/Kırşehir, Türkiye",ChIJS7w5nMxy1RQR56hWlslNF2Y
Kırşehir,Bim Müftülük Şubesi,"Ahievran, 735. Sk. No:4, 40100 Kırşehir Merkez/Kırşehir, Türkiye",ChIJN1sqIHdz1RQRbCpkYxUjHxc
Kırşehir,BIM,"Bul.Aydın, Yenice, Apt 12, 40200 Gaziosmanpaşa/Kırşehir, Türkiye",ChIJ9RxZVcRy1RQRfdOdwVe0BNg
Kırşehir,BIM,"Kayabaşı, 355.Sok No:2, 40100 Kırşehir Merkez/Kırşehir, Türkiye",ChIJJwWQksly1RQRiyG5eSJ8wWQ
Kırşehir,Bim,"Medrese, 58. Sk. No: 5/2, 40200 Kırşehir Merkez/Kırşehir, Türkiye",ChIJGXN4Yc9z1RQRBit0mWu_DbQ
Kırşehir,BIM Neşet ERTAŞ Şubesi,"Yenice Meydan Bulv, Yenice, 183. Sk. No:10/1, 40200 Kırşehir Merkez/Kırşehir, Türkiye",ChIJQQav2c5y1RQRy0wJtOp5PXQ
Kırşehir,BIM,"Yenice, Atatürk Cd. No:8 D:A, 40200 Kırşehir Merkez/Kırşehir, Türkiye",ChIJCwe-lsVy1RQRdo0NzErpn_c
Kırşehir,Bim,"İnci Sitesi Karşısı Yenice Mah Dr. Sadık Ahmet Bulvarı Raşit Apt. 2, Kırşehir Merkez/Kırşehir, Türkiye",ChIJr7LGxtpy1RQRiE3DIxXccPg
Kırşehir,BIM,"Nasuhdede İkizarası Cd, Kılıçözü Cd. No:11 D:13, 40100 Kırşehir, Türkiye",ChIJJ82pTk0N1RQRamIoW-Q2YtA
Kırşehir,BIM,"Memişler Apt, Terme Cd. Atatürk Blv No:1, Türkiye",ChIJK935K8xy1RQRDEzsJ681Fso
Kırşehir,Bim,"Kervansaray Boztepe Caddesi No:26 Doğan 1, Apt. No:6, 40200 Kırşehir Merkez/Kırşehir, Türkiye",ChIJexd1waVy1RQREz-zjxiQTJU
Kocaeli,Bim,"M. Alipaşa, Turan Güneş Cd. No:305, 41050 İzmit/Kocaeli, Türkiye",ChIJeYUYEqwgyxQRWplfvOatuEA
Kocaeli,Bim,"Örnekağa Mah, Hürriyet Cd. No:123, 41300 İzmit/Kocaeli, Türkiye",ChIJd2BFY4ZPyxQR-snnqxLGHJw
Kocaeli,BIM,"Yenişehir, Demokrasi Cd. No:60 D:34abcd, 41050 İzmit/Kocaeli, Türkiye",ChIJ2VbT8vpPyxQRZcEFm25cpNw
Kocaeli,Bim,"Bekirdere, Hacı Bektaşi Sk. No:57, 41060 İzmit/Kocaeli, Türkiye",ChIJYYxW-sFPyxQRwwKH7Qnv5bw
Kocaeli,BIM,"28 Haziran, Dere Sk. No:35a, 41060 İzmit/Kocaeli, Türkiye",ChIJ3VNbGJVPyxQRMXhAmqDfkhs
Kocaeli,BIM,"Gündoğdu, Boğazova Cd No:91 D:1b, 41060 İzmit/Kocaeli, Türkiye",ChIJ-0rF-ytOyxQRidYb4Rbft-o
Kocaeli,Bim Leyla Atakan,"Karabaş, Leyla Atakan Cd., 41040 İzmit/Kocaeli, Türkiye",ChIJf35v789FyxQRYBXONmhf7lI
Kocaeli,BIM,"Sanayi, Kozalı Cd. No:13/A, 41040 İzmit/Kocaeli, Türkiye",ChIJZ8BDjl5FyxQRD6_ePHhsGRg
Kocaeli,BIM,"Merkez Mah 1715 Ada 3 Parsel, Gölcük, Millet Cd. No:4, Türkiye",ChIJ3TleovZEyxQR026uDWsJiWU
Kocaeli,BIM,"Orhan, Gaffar Okan Sok No:34, 41200 İzmit/Kocaeli, Türkiye",ChIJVVVVhXdPyxQR_VrO65LIJlQ
Kocaeli,Bim,"Çenedağ, Gaffar Okan Cd. No :22, 41900 Derince/Kocaeli, Türkiye",ChIJSTBELqlHyxQRJvMRFZmhSqw
Kocaeli,Bim,"Kozluk, Orduevi Sk. No.: A, 41200 İzmit/Kocaeli, Türkiye",ChIJycLzJQBFyxQRHagWQilgejk
Kocaeli,BIM,"SAKIP SABANCI, Alikahya Fatih, Sakıp Sabancı Blv. No:108, 41310 İzmit/Kocaeli, Türkiye",ChIJ1ZGBQTlQyxQRjVugFuzKzUc
Kocaeli,BIM,"Yaylacık, Ulubatlı Sk. No:3, 41140 Başiskele/Kocaeli, Türkiye",ChIJSxg8nSxFyxQRW1-oximpy2c
Kocaeli,BIM,"17 Ağustos Blv. No:142Ayazma, 41060 İzmit/Kocaeli, Türkiye",ChIJWwPNfzZOyxQRKBvHiNITREE
Kocaeli,Bim,"Çiftlik, İhsaniye Adnan Menderes Cd. NO:13/A, 41650 Gölcük/Kocaeli, Türkiye",ChIJQ6glMABByxQRkygeA3ACbJ4
Konya,Bim,"Karakulak Mah. Büyük Kumköprü Cad. No:322-A Karatay / Konya 322-A, 42020 Karatay/Konya, Türkiye",ChIJrYzuEdKE0BQR2iJrs90T7zI
Konya,BIM,"Sille Ak, Korcan Cd. NO: 58/A, 42132 Selçuklu/Konya, Türkiye",ChIJw3KOSECP0BQRgQvTbCcRoto
Konya,Bim,"Parsana, Ahmet Yesevi Cd. No:37/A, 42250 Selçuklu/Konya, Türkiye",ChIJVS00SOmO0BQRISGrQ6aNaNM
Konya,Bim Akifağa Şubesi,"Küçük İhsaniye, Akif Ağa Sk. 14a, 42060 Selçuklu/Konya, Türkiye",ChIJkeDDKFOF0BQROfuONSCcLxQ
Konya,Bim market,"Ulubatlıhasan, Yarma Sk. 22-26, 42050 Karatay/Konya, Türkiye",ChIJNbZTGxuP0BQRxbLfXuO1P74
Konya,Bim,"Akşemsettin, Deresuyu Sk. No:34A D:B, 42080 Selçuklu/Konya, Türkiye",ChIJX-DpXtuF0BQRiUZQH7bWH5M
Konya,Bim,"Görkem St, Feritpaşa, Nişantaş Sk. No:15/A B Blok, 42060 Selçuklu/Konya, Türkiye",ChIJCco9nZ-F0BQR19xXdhrVIeU
Konya,Bim,"Çimenlik, Fetih Cd. No:214/A, 42030 Karatay/Konya, Türkiye",ChIJ_bQgPDqF0BQRXhNzOlUpjtY
Konya,Bim,"Sakarya, Şehitlik Cd. No:34, 42100 Selçuklu/Konya, Türkiye",ChIJ6aw806OP0BQRTCdLSinge4U
Konya,Bim,"Nakipoğlu, Sedirler Cd. No:1, 42030 Karatay/Konya, Türkiye",ChIJiWLpcPCF0BQRcgKm8YypJZk
Konya,Bim,"Uluırmak, Dr. Ahmet Özcan Cd. No:165 D:F, 42010 Meram/Konya, Türkiye",ChIJBf1OkRWF0BQRP9AG5-Htsis
Konya,Bim,"Hocacihan 100. Yıl, Yeni Sille Cd. No:137, 42080 Selçuklu/Konya, Türkiye",ChIJBZcdnvGF0BQRmRxJY0XhiNU
Konya,BIM,"Feritpaşa Mah.Gürağaç Sok.No:40-42 Selçuklu / Konya 40, Selçuklu/Konya, Türkiye",ChIJNatIcnaF0BQRzuaRb6C6XLo
Konya,BIM,"Hidayet Mah, Sadrettin Konevi Sk. 16a, 42040 Meram/Konya, Türkiye",ChIJq6qq6lKE0BQRf1o3Z0YMM2c
Konya,Bim Market,"Sakarya, Uluyayla Cd. 26-28, 42100 Selçuklu/Konya, Türkiye",ChIJX66N-fqP0BQRZs45OtxHXys
Kütahya,Bim mehmet akif ersoy,"Hasan Polatkan Cd, Mehmet Akif Ersoy, Mh No:226/A, 43050 Kütahya Merkez/Kütahya, Türkiye",ChIJ1clNAPpHyRQR8v7DEwTpilM
Kütahya,Bim,"Dumlupınar, Hacı Mustafa Önsay Cd. No:16/B, 43020 Kütahya Merkez/Kütahya, Türkiye",ChIJnyyQdgBJyRQRCWD3G1O56DA
Kütahya,BIM,"Yenidoğan, Dumlupınar Blv. No:123 D:A, 43020 Kütahya Merkez/Kütahya, Türkiye",ChIJjxjlPzJIyRQRj65yBtMsgoA
Kütahya,Bim Millet Bahçesi,"Evliya Çelebi, Hasan Polatkan Cd. No:79, 43050 Kütahya Merkez/Kütahya, Türkiye",ChIJLfeLJO9HyRQRrmmBRt0sFVo
Kütahya,BIM,"Servi, Yasemin Sk. No:1 D:4, 43020 centre/Kütahya, Türkiye",ChIJr1V7721IyRQRclZ0ZGaKCjI
Kütahya,Bim,"Balıklı, Meydan, Mithatpaşa Cd No: 56, 43030 Kütahya Merkez/Kütahya, Türkiye",ChIJ13MLIhVIyRQRpPkxSEBOwF0
Kütahya,BIM,"Söğütlü Mah, Şehitlik Cd. No:39 39, 43100 Kütahya Merkez/Kütahya, Türkiye",ChIJm0LOzRNIyRQRwyhXsfNNtSM
Kütahya,BIM,"Servi, İki Bülbül Sk, 2. Sk. No:4/A - B, 43020 Kütahya Merkez/Kütahya, Türkiye",ChIJRZEdrxJIyRQRXSPbjSyovtA
Kütahya,BIM,"Dumlupınar, SÜMBÜL - MERKEZ, Sümbül Sk 1/A, 43030 Kütahya Merkez/Kütahya, Türkiye",ChIJP84ZoBJIyRQRoVJhq7zt7HY
Kütahya,Bim,"Yunusemre, Akçay Cd. No:63, 43020 Kütahya Merkez/Kütahya, Türkiye",ChIJ-_2BEM9JyRQReasccjwrzkE
Kütahya,BIM,"Yunus Emre Mh, Yunus Emre Cd. 95/A, 43020 Kütahya Merkez/Kütahya, Türkiye",ChIJZcrLp8xJyRQRTvET0mhM_b4
Kütahya,BIM,"Şehit Hüseyin Adnan Menderes Cad, Taşkın Sk. No:1 / A, 43020 TAVŞANLI/Kütahya, Türkiye",ChIJSdhySltIyRQRw-KP53h5gYI
Kütahya,Bim,"Yıldırım Beyazıt, 1.Güven Sk No:1 D:20, 43020 Kütahya Merkez/Kütahya, Türkiye",ChIJrc4NZGhJyRQRqs8KVS1Dcj0
Malatya,Bim,"Hoca Ahmet Yesevi, 44080 Yeşilyurt/Malatya, Türkiye",ChIJ-wba4uc1dkARo7QiH4h1iBg
Malatya,Bim Göztepe Şubesi,"Göztepe, 44050 Battalgazi/Malatya, Türkiye",ChIJr8TOSL83dkAR4SXH3iM8rp8
Malatya,Bim,"Çöşnük, Okul Sk. No:1, 44320 Malatya Merkez/Malatya, Türkiye",ChIJjTqI3jU3dkARoGJt_jXPXSQ
Malatya,Bim Market,"Yakınca, 44920 Yeşilyurt/Malatya, Türkiye",ChIJnT4hJAAzdkARDtrEiWH_xeo
Malatya,Bim,"Tecde, Kayalık Sk., 44090 Yeşilyurt/Malatya, Türkiye",ChIJsUTrpW4xdkARJNpLSJ7BAqU
Malatya,Bim,"Özalper, 8. Sok. Meriç Apt. No:36, 44090 Malatya Merkez/Malatya, Türkiye",ChIJ4a4pj1MxdkARUNkCFjUSS6E
Malatya,Bim,"Muzaffer Gürsel, Üçbağlar, Sivas Cd. Apt. 53/13, 44300 Battalgazi/Malatya, Türkiye",ChIJD2oc5us2dkARrzUEkmzUQas
Malatya,BIM,"Melekbaba, Biruni Cad 28c, 44070 Yeşilyurt/Malatya, Türkiye",ChIJVVVVldU1dkARbn5ZwdzdeiA
Malatya,Bim,"Turgut Özal, Gülümser Cd 52a, 44090 Yeşilyurt/Malatya, Türkiye",ChIJq6qqalkxdkARDWcXDNOafe0
Malatya,Bim,"Hasan Varol Mah, Kernek, Cengiz Topel Cd. No:9/C, 44300 Battalgazi/Malatya, Türkiye",ChIJo6WsFgA3dkAReuu6C9Bu53s
Malatya,Bim,"Fırat, İpek Cd. 78/A, 44320 Battalgazi/Malatya, Türkiye",ChIJX_qD9ts2dkARBfG2yKuMS8o
Malatya,Bim,"Cumhuriyet Mah, Alparslan, Alpaslan Türkeş Blv. 44/2a, Yeşilyurt/Malatya, Türkiye",ChIJ59G2Zv4zdkARDvVgtdmWOFc
Malatya,Bim,"Zaviye, Tevfik Temelli Cd. 12. Sk. No:2, 44090 Malatya Merkez/Malatya, Türkiye",ChIJj2JpCQAxdkARCwVwlW4VqKM
Malatya,Bim,"Tecde, Altın Kayısı Blv 98a, 44090 Yeşilyurt/Malatya, Türkiye",ChIJ5akY66AxdkARR8ljwuW0l8U
Malatya,Bim,"İnönü, Çevre Sk. No:4 D:8 F Blok, 44070 Yeşilyurt/Malatya, Türkiye",ChIJtX-5t682dkARwOdC0OZgEsc
Malatya,Bim,"Anemon, Yakınca, 3. Sk. Beyazkent Konutları Sitesi F 2/5 - 4, 44920 AYEŞİLYURT/Malatya, Türkiye",ChIJAQAAADQydkAR484Cc-e3II4
Malatya,Bim,"Bostanbaşı, Bostanbaşı Yolu No:128, 44915 Yeşilyurt/Malatya, Türkiye",ChIJmwncktYzdkARqaJHuWeCQ1g
Manisa,Bim,"Adnan Menderes, Manisa TOKİ Evleri No:3, 45040 Manisa Merkez/Manisa, Türkiye",ChIJq152QQCfuRQR8CeH5FcwXyk
Manisa,Bim,"2. Anafartalar, 1521. Sk. No:18, 45020 Manisa Merkez/Manisa, Türkiye",ChIJuX8jgOyduRQRGQHsKvIqZcI
Manisa,BIM,"Tevfikiye Mah. 53, 1710. Sk. No:188, Manisa, Türkiye",ChIJ1ePIn3KcuRQREbgJCpj0fPU
Manisa,Bim,"Yarhasanlar, İbrahim Gökçen Blv. NO:51, 45020 Manisa Merkez/Manisa, Türkiye",ChIJK1kCFGycuRQRqDnpP661Ero
Manisa,BIM,"Merkez Efendi, 3819. Sk. No: 39/1, 39/1 Yunusemre/Manisa, Türkiye",ChIJK9cSiGCcuRQRQYg_FVMN6Xc
Manisa,Bim,"Nişancıpaşa, Borsa Cd. No:37/Ab Apt. 37, 45010 Merkez/Manisa, Türkiye",ChIJ3XFPaxScuRQRMFPPYY6SDfg
Manisa,Bim,"Şehitler, 719. Sk. No:43/A, 45020 Merkez/Manisa, Türkiye",ChIJAQAAwA-cuRQR9SqThm_xr54
Manisa,BIM,"Ay Sokak No:5 -7, Yenimahalle Mah, Eski Manisa Yolu No:149/A No:5 -7 /A, Türkiye",ChIJU9H5C2ucuRQR1fFRA4swwK4
Manisa,Bim,"50. Yıl, 6205. Sk. No:1, 45125 Yunusemre/Manisa, Türkiye",ChIJoXd4GJucuRQRAVkVZNnujWc
Manisa,BIM,"İkinci, Anafartalar Mah, Cumhuriyet Cd. No:105/A, 45020 Şehzadeler/Manisa, Türkiye",ChIJGQnwvg2cuRQRIkYrxdWlOdU
Manisa,BIM,"Yeni Mahalle, Horozköy Cd. No: 17-19, 45030 Yunusemre/Manisa, Türkiye",ChIJlzB-qGWcuRQRTUU0BCOi0So
Manisa,Bim,"Yeni Mahalle, Mimar Sinan Blv. 134/A, 45120 Merkez/Manisa, Türkiye",ChIJU2W_GmCcuRQRSwijdiVRJ5k
Manisa,Bim,"Uncubozköy, Cemal Ergün Cd. 53/A, 45030 Merkez/Manisa, Türkiye",ChIJO-LYrzxhtxQRJzfUPNXtvx0
Manisa,BIM,"Adnan Menderes, 45040 Şehzadeler/Manisa, Türkiye",ChIJifIxEgCfuRQR8l8GHJhcOpw
Manisa,BIM,"2. Anafartalar, 1516. Sk. 8/A, 45020 Şehzadeler/Manisa, Türkiye",ChIJe2DX9gycuRQRxbD9aq8fx3U
Manisa,BIM,"Muradiye, 6. Sk. No:3 D:f, 45140 Yunusemre/Manisa, Türkiye",ChIJVaL6YgCDuRQRRYAe2TBuzeg
Manisa,bim,"Tevfikiye, 8 Eylül Cd. No:160/B D:162/A Ve 162/B, 45120 Yunusemre/Manisa, Türkiye",ChIJVVUxk12cuRQRAPOhdDFoSek
Manisa,BIM,"Muradiye, İstasyon Cd. No: 89a, 45140 Yunusemre/Manisa, Türkiye",ChIJz4y35J6EuRQRkhHXioN_qyE
Manisa,BIM,"Muradiye, TREN YOLU İstasyon Cad A Blok Apt. 149/A, 45140 Yunusemre/Manisa, Türkiye",ChIJ_____0ODuRQRtbR1pLJNaII
Kahramanmaraş,Bim,"Yirmiikigün, 32096. Sk., 46050 Kahramanmaraş Merkez/Kahramanmaraş, Türkiye",ChIJBbHp2o_bLRURdjO8QhEBDNI
Kahramanmaraş,Bim,"Kanuni, Yahya Kemal, Vezir Hoca Blv. No:124, 46080 Kahramanmaraş Merkez/Kahramanmaraş, Türkiye",ChIJk34gnvLnLRURiuk0zg-bB4c
Kahramanmaraş,Bim,"Rasim Özdenören, JV3H+2M, 46050 Onikişubat/Kahramanmaraş, Türkiye",ChIJu4KdurjdLRURXj6JtkE8-B4
Kahramanmaraş,Bim Hürriyet mağ,"Hürriyet, 66036. Sk. No:1, 46050 Kahramanmaraş Merkez/Kahramanmaraş, Türkiye",ChIJqwYkIIvdLRURWzKjLOeZZPQ
Kahramanmaraş,Bim sarayaltı şubesi,"İsa Divanlı, Sarayaltı Cd., 46100 Kahramanmaraş Merkez/Kahramanmaraş, Türkiye",ChIJtWZduRbdLRURjZK7ZgZKMGo
Kahramanmaraş,BIM,"Haydarbey Mah, Barbaros Cad Gün Işığı Sit A Blok 28a-B, 46040 Onikişubat/Kahramanmaraş, Türkiye",ChIJVfU5yafdLRURE5kff_A1g-c
Kahramanmaraş,Bim,"Namık Kemal, Malik Aslan Cd. No:35, 46080 Kahramanmaraş Merkez/Kahramanmaraş, Türkiye",ChIJ71OX6nvdLRURJrEsMY5ewtI
Kahramanmaraş,Bim,"Tekerek, 32228. Sk. 16a, 46050 Onikişubat/Kahramanmaraş, Türkiye",ChIJ93_mMgDbLRURB4ijPLwmV7E
Kahramanmaraş,BIM,"Tekerek, Bahçeci Hoca Blv. No:41 D:E, 46050 Onikişubat/Kahramanmaraş, Türkiye",ChIJA2F8iELbLRURYesywukzylU
Kahramanmaraş,Bim,"Mahallesi, Şehit Evliya, Şht. Çuhadar Ali Cd. 77/A, 46050 Onikişubat/Kahramanmaraş, Türkiye",ChIJ3cP7hRrdLRURvep5eN__vzo
Kahramanmaraş,BIM,"Ejder Süslü, Binevler Mh, Dr. Sadık Ahmet Cd. Apt. 8, 46050 Onikişubat/Kahramanmaraş, Türkiye",ChIJA4aMiIDbLRUR7kL-_JSZcrY
Kahramanmaraş,BIM,"Şehit Abdullah Çavuş, 66050. Sk. Alperen Sit D:10/B, 46050 Onikişubat/Kahramanmaraş, Türkiye",ChIJt7_hVmHcLRURW7ft2mW_k6A
Kahramanmaraş,Bim A.Ş.,"Bin Evler, 46050 Onikişubat/Kahramanmaraş, Türkiye",ChIJ06pbCbrdLRURVz-AzTBUnhk
Kahramanmaraş,BIM,"Tavşan Tepe, 69014 Nolu Sok Akkent 4 Sitesi B Blok No:17-18, 46050 Onikişubat/Kahramanmaraş, Türkiye",ChIJCZySB-_cLRURA0LnG9VKq3c
Kahramanmaraş,Bim,"Divanlı, Benli Ali Cd. No:29 D:27, 46100 Dulkadiroğlu/Kahramanmaraş, Türkiye",ChIJQ2y_-CrdLRURl90EwzfCh-w
Mardin,Bim,"Yalım, 47100 Mardin Merkez/Mardin, Türkiye",ChIJydvgpM2ICkAR8gF4zZF647c
Muğla,Bim,"Orhaniye, Karasörcüler Sk. No:11, 48000 Muğla Merkez/Muğla, Türkiye",ChIJW0wqVhluvxQRCHl8uWYs3Fk
Muğla,Bim,"Demirtaş, Rauf Gündüz Cd. No:13, 48640 Ula/Muğla, Türkiye",ChIJ3yVevep2vxQRacYwzwifP8Y
Muğla,Bim,"Orhaniye Mah. 8 Nolu Sok, Pazar Yeri Sk. No: 3 B C Blok Apt, 48000, Türkiye",ChIJv1zA7nVyvxQRfj4nuGJP7yU
Muğla,Bim,"Orhaniye, Cumhuriyet Cd. No:21 / B, 48000 Menteşe/Muğla, Türkiye",ChIJH-A4sXVyvxQRDPYjYX0h95M
Muğla,Bim Muğla Deposu,"Kafaca, Aydın Muğla Yolu, 48000 Muğla Merkez/Muğla, Türkiye",ChIJb0yH0oISvxQRs23Et-KmdEQ
Muğla,BIM,"Emirbeyazıt, 28. Sokak No: 6/1/2, 48000 Menteşe/Muğla, Türkiye",ChIJ_____0ByvxQR_oeLon70jLw
Muğla,Bim,"İslamhaneleri Mah. Cumhuriyet Bul. Selehattin Özer Sit. No: 47 -1 / A, Muğla, Türkiye",ChIJAYJQAXZyvxQRl3NozFITBXI
Muğla,BIM,"Emirbeyazıt, Çınar Sk. Deniz (soydan) Apt No:1/B, 48050 Menteşe/Muğla, Türkiye",ChIJBzAZAQBzvxQR9NXS1GFdPpk
Muğla,Bim,"Muslihittin, Recai Güreli Cd. No:56, 48000 Muğla Merkez/Muğla, Türkiye",ChIJAT_nYoBtvxQRfc-F7WHE1rI
Muğla,BIM,"Emirbeyazıt, Zübeyde Hanım Cd. No:20/A, 48050 Menteşe/Muğla, Türkiye",ChIJkba123ByvxQRZMGwm3NwaLk
Muğla,BIM,"Şeyh Muslihittin Camii, Muslihittin, Umut Sk. No: 2, 48050 Menteşe/Muğla, Türkiye",ChIJXc4qc45yvxQRoo9rx7SYreo
Muğla,BIM,"Emirbeyazıt, 28. Sokak No: 6/1/2, 48000 Menteşe/Muğla, Türkiye",ChIJ_____0ByvxQRSxF9EJrwqPo
Muğla,BIM,"Düğerek, Menderes Cd. No:62/1, 48050 Menteşe/Muğla, Türkiye",ChIJZwml_htuvxQRQbaQevkrgdY
Muğla,BIM,"Orhaniye, 8 Nolu Sok C Blok Apt. No: 3 B, 48000 Menteşe/Muğla, Türkiye",ChIJq6qqqh5yvxQRLAasuv6Jq9A
Muğla,Bim,"Bayır Atatürk Bulv, Barbaros Cd. No:2, 48040 Muğla Merkez/Muğla, Türkiye",ChIJO5-RyRASvxQRZCoODrPzI7c
Muğla,BIM,"Menteşe, Diğer (küme Evler No: 331 A, 48580 Menteşe/Muğla, Türkiye",ChIJVVVVFcu3yhQRC6-Txwnh928
Muş,Bim,"15 Temmuz Milli İrade, Millet Cd. No:28, 49200 Muş Merkez/Muş, Türkiye",ChIJa2QAivXvckARserFyz_RXH4
Muş,Bim,"Minare, Belediye Cd. No:19, 49300 Muş Merkez/Muş, Türkiye",ChIJK7r6tsPlckARi6aTDMUNMvo
Muş,Bim market,"Sunay, 49100 Muş Merkez/Muş, Türkiye",ChIJuTIvC3TvckARTfDYS4Z8oT4
Muş,BIM,"Kültür, Murat Paşa Cd. 11-12, 49120 Muş Merkez/Muş, Türkiye",ChIJjy7_cY3lckARBpDgy23qT_4
Muş,BIM,"Kültür, Yeni Gazi Cd. No :1, 49120 Muş Merkez/Muş, Türkiye",ChIJt63pxfLlckARq3qTkp5pj58
Muş,BIM,"Dere, Hürriyet Cd. No:62, 49100 Muş Merkez/Muş, Türkiye",ChIJ48_XzujlckARg9ElvMxtJMQ
Muş,BIM,"Eylül Asya, Sunay, Şht. Akif Ağaoğlu Cd. Apt. 30, 49120 Muş Merkez/Muş, Türkiye",ChIJZ3FfJI3lckARqfEtgG-ZzFk
Muş,Bim,"Yeşilyurt Mah. Millet Caddesi Serhat Kent Sitesi A Blok 11 15 TEMMUZ, Muş, Türkiye",ChIJbapvH8LlckARP97Ox439L6g
Muş,BIM,"Hürriyet, Murat Paşa Cd. No:42, 49120 Muş Merkez/Muş, Türkiye",ChIJ9dEIxpTlckAR7hx4Bgk2bqw
Muş,BIM,"Sunay Hasköy Köyü Tanco, 214. Sk. Baykallar Mevkii No:19, Muş, Türkiye",ChIJySGLvvHlckARzzzp_RZkRuw
Muş,BIM,"Mozaik Kule, Saray, Hürriyet Cd. No:198 B/ Blok, 49200 Muş Merkez/Muş, Türkiye",ChIJi24vlfflckARbpV3zvxfEp4
Muş,BIM,"Kültür, Cumhuriyet Cd. No:33, 49120 Muş Merkez/Muş, Türkiye",ChIJDbEsqenlckARRzNYXGRVlF0
Muş,BIM,"Sunay Cumhuriyet Cad, Ssk Yolu Karşısı, Binsa Apt Altı 239, Muş Merkez/Muş, Türkiye",ChIJmdXbi_PlckAR4YaGxLwiBWU
Muş,BIM,"Hürriyet cad, Saray, 248. Sk. No:1, Muş, Türkiye",ChIJOXE59fDlckAR2BXLZC5Rb9s
Muş,Saray Bim A.Ş.,"Yeni, 49200 Muş Merkez/Muş, Türkiye",ChIJebNPi_DlckARzT1vo7aNWk8
Muş,BIM,"Minare, Belediye Cd. No :8, 49300 Muş Merkez/Muş, Türkiye",ChIJOUCGicPlckARtxfIoRG-Rmg
Muş,bim,"Aşağı Kayabaşı Mah, Atatürk Cd. No:25, 49300 Muş Merkez/Muş, Türkiye",ChIJbapvH8LlckARk1jUgE-rb8M
Muş,BIM,"YENİ, Atatürk Cd. No:25, 49300 Muş Merkez/Muş, Türkiye",ChIJ1X8tlcHlckARLyHpSzAno64
Muş,BIM,"TERMİNAL No:251, Cumhuriyet Cd., Muş Merkez/Muş, Türkiye",ChIJ68eO-PTlckAR-9SQKHGRmF0
Muş,Bim,"Hürriyet, Murat Paşa Cd. No:11-12, 49120 Muş Merkez/Muş, Türkiye",ChIJlXAE65LlckARk9DtV4rCnwM
Nevşehir,Bim,"Kapucubaşı, Atatürk Blv. No:92, 50040 Nevşehir Merkez/Nevşehir, Türkiye",ChIJOUmQGG1uKhURZMttB-kN14k
Nevşehir,Bim,"Yeni, Çat Yolu No:27, 50130 Nar/Nevşehir Merkez/Nevşehir, Türkiye",ChIJy-XdLgBvKhURKEQ6PcLmiCI
Nevşehir,Bim Mağazası,"Güzelyurt, Erenler Cd. No:326, 50300 Nevşehir Merkez/Nevşehir, Türkiye",ChIJKYTW_MxvKhURanTSDRgIQhg
Nevşehir,Bim,"2000 Evler, 36. Sk. No:18, 50300 Nevşehir Merkez/Nevşehir, Türkiye",ChIJZ8VnJXpvKhUR7ixFob0Apoc
Nevşehir,BIM,"Camicedit, Atatürk Blv. No: 23, 50040 Nevşehir Merkez/Nevşehir, Türkiye",ChIJXQudT2luKhURfh18p5V043c
Nevşehir,Bim,"Mehmet Akif Ersoy, Yavuz Sultan Selim Cd. No:152, 50040 Nevşehir Merkez/Nevşehir, Türkiye",ChIJify4LwBtKhUR6jkjH8VRSDA
Nevşehir,BIM,"2000 Evler, 33. Sk. 23/A, 50300 Nevşehir Merkez/Nevşehir, Türkiye",ChIJR67Mb3tvKhURkZqQr3UW8kU
Nevşehir,BIM,"İkibinevler Mah, 38. Yol No:18, 50040 Nevşehir Merkez/Nevşehir, Türkiye",ChIJa11vbHdvKhURH7GUg7o-FJs
Nevşehir,BIM,"M.Akıf Ersoy Mah, Hacı Huseyın, Yucebas Cd 18/A, Nevşehir Merkez/Nevşehir, Türkiye",ChIJ3UsbAPVtKhURJgLint0tvRQ
Nevşehir,Bim,"15 Temmuz, Vefa Küçük Cd. No:148, 50300 Nevşehir Merkez/Nevşehir, Türkiye",ChIJXdJPvQxvKhURd-CGxqUYep8
Nevşehir,Bim,"Örnekevler, 20 Temmuz, Nisa Cd. No:1, 50100 Nevşehir Merkez/Nevşehir, Türkiye",ChIJgYRctz9uKhURpCyDnitrOsU
Nevşehir,Bim Ortahisar Mağazası,"Eski, Ragıp Ünver Cd., 50650 Ortahisar/Ürgüp/Nevşehir, Türkiye",ChIJzRuYjUFDKhUR_5gaowyfDeQ
Nevşehir,BIM,"Yeni, Stad Cd. No:17 D:6, 50000 Nar/Nevşehir Merkez/Nevşehir, Türkiye",ChIJ15-NAUxuKhURvdiC2soP4_U
Nevşehir,BIM,"Emek, Damat İbrahim Paşa Blv. 35/A, 50160 Nevşehir Merkez/Nevşehir, Türkiye",ChIJA6FfI11uKhURq1E3Z4Qi4GY
Nevşehir,BIM,"Üstad, Cevher Dudayev, Necip Fazıl Bul B Blok No, 50100 Nevşehir Merkez/Nevşehir, Türkiye",ChIJp6PsAR9uKhURGoIHQ8J-JuQ
Niğde,Bim,"İnönü, Yeşilburç Cd. No:105, 51200 Niğde Merkez/Niğde, Türkiye",ChIJudJkLdfnKRURwe_v7YSHVwI
Niğde,Bim,"Ciftci Mah, Cumhuriyet Cd No: 16, 51100 Niğde Merkez/Niğde, Türkiye",ChIJq6p6g-DnKRURys-vGPQ1pkU
Niğde,BIM,"Selçuk, 51100 Niğde Merkez/Niğde, Türkiye",ChIJW3wcdgDnKRUR4iWLM8_zAgE
Niğde,BIM,"Kale, Eski Vali Konağı Cd. No:34 D:31, 51100 Niğde Merkez/Niğde, Türkiye",ChIJVVVFZu_nKRURDBp-KznOQtc
Niğde,BIM,"Selçuk, Zümrüt Sk. 8/A D:33, 51100 Niğde Merkez/Niğde, Türkiye",ChIJ3df1OfHnKRURAPu2h7SQvSQ
Niğde,Bim Toptan Fiyatina Perakende Satis,"Efendibey, Firaki Sk. No:8, 51200 Niğde Merkez/Niğde, Türkiye",ChIJq3z0L9znKRURrqEVrUBCGJY
Niğde,Bim,"A.Kayabaşı Mah.Süleyman Fethi Cad, Türker Apt Yavaşcan Sit No:21/A, 51100 Niğde Merkez/Niğde, Türkiye",ChIJxVmUb-7nKRURHFqkeTq-KCk
Niğde,BIM,"Park 29, Asağıkayabaşı Mah, Gazeteci İsmet Sayın Cd., 51200 OZBELDE_NIGDE/Niğde, Türkiye",ChIJDb5X247nKRURtoSZMjLWPjI
Niğde,BIM,"Aşağı Kayabaşı, Atatürk Blv. Aybar Park Sıt D:11/G, 51200 Niğde Merkez/Niğde, Türkiye",ChIJ_____4DdKRURgCG6YZ015W4
Niğde,Bim,"Aşağı Kayabaşı, 51310 Niğde Merkez/Niğde, Türkiye",ChIJKSJY3X3dKRURhCaP05VWbYI
Niğde,BIM,"Selçuk, Koçak Sk. 10/55, 51100 Niğde Merkez/Niğde, Türkiye",ChIJVTV5V1_dKRURrpy11RF3t24
Niğde,BIM,"Yenı Carsı Mah, Akasya Sk. No:11, 51200 Niğde Merkez/Niğde, Türkiye",ChIJ9QC3TdDnKRUROKP7Xa8xz3c
Niğde,Bim,"Bahcelıevler Mah Mercanlar Ap. 21, Mahmut Şafak Cd, Niğde Merkez/Niğde, Türkiye",ChIJ-eGlKnznKRURTO38TeBwzRM
Niğde,BIM,"Sıralı Mah. İstasyon Cad. No:21 KALEÖNÜ, 51100 Niğde, Türkiye",ChIJncVMI-fnKRUR6gWdaHDQCQo
Niğde,Bim,"Efendibey Candan Sokak Cagdas Yapı Koop Sıt.A Blok 24, D:24, 51200 Niğde Merkez/Niğde, Türkiye",ChIJ3eOhrQXpKRUR3CsuFDIT9M8
Niğde,Bim,"Recep Beşler, Aşağı, Bekçilik Sk Blk. 1/2, 51000 Sazlıca/Niğde Merkez/Niğde, Türkiye",ChIJJW8kJOvdKRURv5ZcIZs2mEs
Niğde,BIM,"Carsı Mah, Yeni, Akasyalık Cd. No:11, 51660 Çamardı/Niğde, Türkiye",ChIJJ0kw3Zu9KRURvc51CW8XKYw
Niğde,BIM,"Aşağı Kayabaşı, Alparslan Türkeş Bul Aybar Park Sıt D:11/G, 51200 Niğde Merkez/Niğde, Türkiye",ChIJfbQxBIHdKRUR8FokXLjDx3c
Niğde,BIM,"Sarıköprü, Atatürk Blv. Yakamoz Sit A Blok No:19, 51000 Niğde Merkez/Niğde, Türkiye",ChIJq6qqqn7dKRUROIKMXN8M_nw
Ordu,Bim,"Akyazı Mah, Durugöl, Ahmet Cemal Mağden Cd. 160-A, 52200 Altınordu, Türkiye",ChIJ_dHSpMIhY0ARZXlKq7zEEVY
Ordu,BIM,"Şarkiye, Fevzi Çakmak Cd. No: 53b, 52100 Altınordu/Ordu, Türkiye",ChIJxRZAm0kgY0ARq8xFZ-9szhg
Ordu,Bim,"Selimiye, Nizamettin Cd. No: 42, 52100 Altınordu/Ordu, Türkiye",ChIJteYfHk8gY0ARmcL-6f0K6ZY
Ordu,Bim,"Cumhuriyet, Mimar Sinan Blv. No:52, 52200 Ordu Merkez/Ordu, Türkiye",ChIJXzYBvaMfY0ARkeXyib71un8
Ordu,80.YIL BİM,"Şahincili Cd, 80. Yıl Cumhuriyet Cd., Altınordu/Ordu, Türkiye",ChIJayVXk0UhY0ARphgGDGmCaVY
Ordu,BIM,"Şahincili, 565. Sk. No: 24a, 52200 Altınordu/Ordu, Türkiye",ChIJpXYNgqghY0ARh7-M1_gVTyg
Ordu,Bim Kayabaşı,"Cumhuriyet, 1356. Sk. No:8B, 52200 Ordu Merkez/Ordu, Türkiye",ChIJQ_xZR_whY0ARvc00GN7bbAk
Ordu,Bim,"Kumbaşı, 3. Sk. No:8, 52100 Ordu Merkez/Ordu, Türkiye",ChIJrWVuOgDfYkAR3EI-sWWbpCI
Ordu,BIM,"Şahincili, Polatlı Şehitleri Cd. No:51a, 52000 Altınordu/Ordu, Türkiye",ChIJNfeGrgohY0ARSQ38Pbx6tr0
Ordu,BIM,"Dolunay mah ADRES KODU:3409622382, DOLUNAY, Sahil Cd No: 114 A, 52100 FATSA/Ordu, Türkiye",ChIJuQozdQngYkARW-TIkoUi48w
Ordu,Bim Market,"Karşıyaka, 52200 Altınordu/Ordu, Türkiye",ChIJ_1DEimAhY0ARCUKGJ7wOx-g
Ordu,BIM,"Durugöl, 1070. Sk. No:4 A, 52200 Altınordu/Ordu, Türkiye",ChIJWaIHzeUhY0AReIhE1uJYfHo
Ordu,Bim Bahçelievler,"Bahçelievler, Erol Ataşan Bul. Sahilkent Sit. B Apt No: 17 A, 52200 Altınordu/Ordu, Türkiye",ChIJvx9B98shY0AR1Gtky9U80G8
Ordu,Bim,"Cumhuriyet Mah. 1313 Sok. Kaçar Apt. Sit. 2a, ÜNİVERSİTE, 52200 Altınordu, Türkiye",ChIJhUMizKwYY0ARZJ7NTjMJ5uk
Ordu,Bim,"Şahincili Mah. Şahincili Cad. A Apt. No:157 Aa ŞAHİN TEPESİ, Ordu, Türkiye",ChIJg0Jjya0hY0ARAYsYP3lFMxw
Rize,Bim,"Atmeydanı, Avcılar Sk. No:14, 53020, 53020 Rize Merkez/Rize, Türkiye",ChIJv4CtkJR7ZkARpd7UD0fYGUA
Rize,BIM,"Engindere, Menderes Blv. No:640 D:G, 53020 Rize Merkez/Rize, Türkiye",ChIJRcwuPkJlZkARJGLbMEmbUDQ
Rize,Bim,"Tophane, Menderes Blv. 212a, 53020 Rize Merkez/Rize, Türkiye",ChIJZzHzLbR6ZkARzIOui8eLaPw
Rize,BIM,"Ekrem Orhon, Menderes Blv. No: 238a, 53020 Rize Merkez/Rize, Türkiye",ChIJAQAA8MF6ZkAR4XnjmJIyUII
Rize,Bim,"Taşlıdere, 53020 Rize Merkez/Rize, Türkiye",ChIJ_0NXU29lZkARG_QPdYbs4H8
Rize,Bim,"İslampaşa, 4. Nolu Çıkmaz Sk. No:2, 53020 Rize Merkez/Rize, Türkiye",ChIJaZhZ7rR6ZkARMgNiscxJYNo
Rize,BIM,"Gülbahar, Atatürk Cd. No:630b, 53020 Rize Merkez/Rize, Türkiye",ChIJ47aJrbh6ZkARur-WOmuOiE4
Rize,BIM,"Müftü, Atatürk Cd. No: 477, 53020 Rize Merkez/Rize, Türkiye",ChIJQ1pdOcB6ZkARLm3XS5S7qjY
Rize,BIM,"Tophane, Cumhuriyet Cd. Zehiroğlu Apt No: 234/1, 53020 Rize Merkez/Rize, Türkiye",ChIJVVVVRel6ZkARsMLPKvvFk_Y
Rize,BIM,"İslampaşa, Atatürk Blv Fener Mah. Nalkıran Apt No: 61/A, 53020 Rize Merkez/Rize, Türkiye",ChIJw4zKOD17ZkAR0kVV-7CpxP4
Sakarya,BIM,"Ortaköy, Eski Mardin Caddesi 35/A, 47200 Artuklu/Mardin, Türkiye",ChIJAQAAAACPCkARZtDWenYpJ9g
Sakarya,Bim,"Koser Apt, Cumhuriyet Mah.Mardin Cad, 118. Sk., Mardin, Türkiye",ChIJs3GFlFSACkARGacmE6qAvvg
Samsun,Bim,"Fevzi Çakmak, Gazi Ethem Paşa Blv. No:33, 55020 İlkadım/Samsun, Türkiye",ChIJBzNJn9N3iEARY0OUljA9OOs
Samsun,Bim,"Yenimahalle, 3515. Sk, 55270 Atakum/Samsun, Türkiye",ChIJG42ewhh5iEAR4Mj6abiugN4
Samsun,BIM,"Kılıçdede, Cumhuriyet Cd. NO:204, 55060 İlkadım/Samsun, Türkiye",ChIJq6qqajR2iEARq226Gm3tweI
Samsun,BIM,"Gaziosmanpaşa, Aydınoğulları Sk. 25/Aa, 55080 Canik/Samsun, Türkiye",ChIJV6EcEKHYh0ARqo_Z5AWmTeU
Samsun,BIM,"Yaşardoğu, Şht. Tuncay Karataş Blv. Demir Apt No: 30 / 4, 55050 İlkadım/Samsun, Türkiye",ChIJvW1zC33Yh0ARcj5En5dUowQ
Samsun,Bim,"Esenevler, 380. Sk. No:20, 55200 Atakum/Samsun, Türkiye",ChIJOff-nEp4iEAR_nhJntGxEN0
Samsun,BIM,"İlyasköy, Çayırlı Sk. No: 2/11-12-13, 55050 İlkadım/Samsun, Türkiye",ChIJm5VWctZ3iEARFxQBgGwwSpA
Samsun,Bim,"Yaşardoğu, Şht. Tuncay Karataş Blv. No:76, 55050 İlkadım/Samsun, Türkiye",ChIJhdOWPgDZh0ARItU7x9K2dT8
Samsun,BIM,"Uludağ, Mahmudiye Cd. No:45 D:1, 55080 Canik/Samsun, Türkiye",ChIJSatue6fYh0ARttUE8W87Duk
Samsun,Samsun Bim,"Yeşiltepe, Unnamed Road, 55060 İlkadım/Samsun, Türkiye",ChIJh7wQdgDZh0AReiLdhXEbkmw
Samsun,BIM,"Uludağ, İskilip Sk. No:24 D:11, 55080 Canik/Samsun, Türkiye",ChIJjRhJNxl2iEARCteV24qo-7A
Samsun,Bim,"Cumhuriyet Mah. 49. Sok, Cumhuriyet, Lozan Cd. 18 / A B Blok Apt, 55200 Atakum/Samsun, Türkiye",ChIJsV0YWwJ5iEARmW3wDJCts2U
Samsun,BIM,"Baruthane, Sorgun Sk. C Blok 1-2-3 6, 55100 İlkadım/Samsun, Türkiye",ChIJBbqnatZ5iEARnENX3JMfWig
Samsun,BIM,"Kıran, Nevzat Ayaz Cad No:17, 55090 İlkadım/Samsun, Türkiye",ChIJ0bIdmg7Yh0ARz_i3T7arm1k
Siirt,Bim,"Alan, Arif Yaşar Cad. Hayırlı Apt. No:1 D:20-21, 56000 Siirt Merkez/Siirt, Türkiye",ChIJu_FRvZSHDEARjNk4q31CKr0
Siirt,BIM,"No:2a-2b, Doğan, Lütfü Kayra Cd., Türkiye",ChIJu3_L8pyHDEARrNgMTQxp-ls
Siirt,BIM,"Dış Kapı, Kooperatif, 1742.Sok No:5A/B/C, 56100 Siirt Merkez/Siirt, Türkiye",ChIJ48WrKTuHDEARw0R3499uEDQ
Sinop,Bim,"Osmaniye, 232F+H5, 57002 Sinop Merkez/Sinop, Türkiye",ChIJHzArZwBtj0ARtNLhp7CuH7w
Sinop,Bim,"Ada, Hakimiyet Cd. No:7, 57000 Sinop Merkez/Sinop, Türkiye",ChIJVVVVVeYSj0ARl8BBd0NFuyc
Sinop,BIM,"Zeytinlik, Atmaca Sk. No:4/A, 57000 Sinop Merkez/Sinop, Türkiye",ChIJtbxxB-ESj0ARwM-6h_waeDg
Sinop,BIM,"Akliman, Küme Evleri No:34/1A, 57002 Abalı/Sinop Merkez/Sinop, Türkiye",ChIJAQAAALkMj0ARwisN6asv4Vs
Sinop,Bim,"Güzelyurt, Erdembey Cd. 20 / 3, 57900 Türkeli/Sinop, Türkiye",ChIJnUAmdERihUARtQgc-VgZQjQ
Sinop,Bim,"Ada, Kumsal Sk. No:1, 57000 Sinop Merkez/Sinop, Türkiye",ChIJzTzj398Sj0ARlAfs2Lhs6Lk
Sinop,BIM,"Ahmet Başdemir Blok, Merkez, Akmanoğlu Cd. No:21-1, 57302 Saraydüzü/Sinop, Türkiye",ChIJQReHRGDXhUAR9zey31bdX0k
Sinop,BIM,"Garaj Meydanı, Adres Kodu:1198704155-3106639713 - 2740959453, Merkez, Yurt Sk. NO: 1A- 1B, 1CERFELEK/Sinop, Türkiye",ChIJO4WsNclkj0ARVKDD2o6-8iw
Sinop,Bim,"Yeni, Ömer Faruk Cd., 57200 Boyabat/Sinop, Türkiye",ChIJx0icYrXDhUAR0O2uTtgK9n4
Sinop,Bim,"Merkez, Plevne Cd. No:15 A, 57700 Durağan/Sinop, Türkiye",ChIJ____Pw7ghUARcm5XiojHmwU
Sinop,Bim Market,"Cevizli, Recep Tayyip Erdoğan Bulv, 57400 Ayancık/Sinop, Türkiye",ChIJjbEDRACBj0ARuC1D6265eLI
Sivas,Bim,"Alibaba, Aşık Veysel Blv No:91, 58050 Sivas Merkez/Sivas, Türkiye",ChIJNZ8o7BirfkARmyNCTkWDaY4
Sivas,BIM,"Sularbaşı, Sularbaşı Cd. No:6, 58040 Sivas Merkez/Sivas, Türkiye",ChIJ0Tkra9-qfkARwD5EL4dQ5HQ
Sivas,Bim,"Çarşıbaşı, Hikmet Işık Cd. No:22/C, 58050 Sivas Merkez/Sivas, Türkiye",ChIJ5XljnCerfkARO2Lf6wGZAgw
Sivas,BIM,"Üçlerbey Kemaleddin İbni Hümam Cad. Orhan Apt. No:48A, Türkiye",ChIJVVVV4TGrfkARKi6Wj_Dh2EE
Sivas,BIM,"Şeyh Şamil, Hamza Yerlikaya Cad No:23/A, 58050 Sivas Merkez/Sivas, Türkiye",ChIJWX2uqq2qfkARALJQtuONLnw
Sivas,BIM,"Tuzlugöl, Cd.Mehmet Binler St.A Bl N:2/1, 2/1 Sivas Merkez/Sivas, Türkiye",ChIJAQAAQG2rfkARKcytJSFfKI4
Sivas,BIM,"Dörteylül, Fatih Cd. No:32, 58010 Sivas Merkez/Sivas, Türkiye",ChIJ4VBrfECrfkAR2io4O23xqSg
Sivas,BIM,"Altuntabak, Necip Fazıl Kısakürek Cd., 58010 Sivas Merkez/Sivas, Türkiye",ChIJmQL0GQCrfkARkayl51t0rDo
Sivas,BIM,"Ali Baba Mah Sivas 4/A, Yahya Kemal Cad No:4/A, Sivas Merkez/Sivas, Türkiye",ChIJc3fMMyGrfkAR_VeYV79mz0w
Sivas,BIM,"Cami-İ Kebir, Osmanpaşa Cd No:16/A, 58070 Sivas Merkez/Sivas, Türkiye",ChIJh8eAJySrfkARwM6Q5ZIPudE
Sivas,BIM,"Yüceyurt, 15-16. Sk. No:3, 58040 Sivas Merkez/Sivas, Türkiye",ChIJj0G88R2rfkARVgmLvQuRqQg
Sivas,BIM,"Bolu 22, Kılıçarsalan Mah, Muhsin Yazıcıoğlu Blv. No:22 A D:B, 58010 Sivas Merkez/Sivas, Türkiye",ChIJTRf36UarfkAR8G5TCyGwspI
Sivas,Bim,"Demircilerardı, 27-Kayırcık Sk. No:22, 58070 Sivas Merkez/Sivas, Türkiye",ChIJDaG6mi2rfkARV6R8mxsUnL0
Sivas,Bim,"Meraküm, TOKİ Yenimahalle Konutları İç Yolu, 58020 Sivas Merkez/Sivas, Türkiye",ChIJv3t-hg6rfkARluQ9Wzgnlp8
Tekirdağ,Bim,"100. Yıl, Sanayi Cd. No:38, 59100 Tekirdağ Merkez/Tekirdağ, Türkiye",ChIJE-q-LYVhtBQR1kUU_MCQDr8
Tekirdağ,BIM,"Hayrettin P.Dükkanlar, Barbaros Cumhuriyet Mah, Belediye Cd, 59000 Süleymanpaşa/Tekirdağ, Türkiye",ChIJMVbBhkVhtBQRdMdImy6YyMk
Tekirdağ,Bim Namık Kemal Şubesi,"Namık Kemal, Prof. Dr. Cemil Cangir Cd XHXP+83 no:35/1A, 59030 Süleymanpaşa/Tekirdağ, Türkiye",ChIJI_h9fgD1tBQRbv1CIFtt5pU
Tekirdağ,Bim Şubeleri,"Altınova, Gaziler Sk. No:56, 59100 Süleymanpaşa/Tekirdağ, Türkiye",ChIJ-xwEHqRhtBQRGBh-sV3rbXE
Tekirdağ,Bim,"Hürriyet, Müjgan Kalelioğlu Cd No:7, 59100 Süleymanpaşa/Tekirdağ, Türkiye",ChIJFy9pXoj1tBQR2dpL9ivllLg
Tekirdağ,Bim,"Çiftlikönü, Derin Sk. 22/A-B, 59000 Süleymanpaşa/Tekirdağ, Türkiye",ChIJAQAAAMSKtBQRFyw_YTA43Kw
Tekirdağ,Bim,"Yıldırım Beyazıt Mah, Kaptan Sk. Zemin Kat 17, 59100 Süleymanpaşa/Tekirdağ, Türkiye",ChIJkdZ2WwlhtBQRkXvr17Lko_k
Tekirdağ,Bim,"Ortacami, Muratlı Cd. No:112, 59000 Süleymanpaşa/Tekirdağ, Türkiye",ChIJZ53swo-KtBQRVPSC9wa9nlc
Tekirdağ,Bim,"Hürriyet, Şht. Serkan Tuban Cd. NO:7, 59030 Süleymanpaşa/Tekirdağ, Türkiye",ChIJG1-69yf1tBQRZneXdk-5w74
Tekirdağ,Bim,"Altınova, Gazi Hasan Paşa Cd. No:56, 59100 Tekirdağ Merkez/Tekirdağ, Türkiye",ChIJ-UPHQqZhtBQRz1uNuo2bKTA
Tekirdağ,BIM,"Altınova, Gazi Hasan Paşa Cd. 126-128/Ab, 59100 Süleymanpaşa/Tekirdağ, Türkiye",ChIJOZJGdQlhtBQRBmeJEvLpgSI
Tekirdağ,Bim,"İstasyon Mah.Cengiz Topel Cad. 24-28/A, Tekirdağ, Türkiye",ChIJ_-0RC4OKtBQR5Gc0hdtJJss
Tekirdağ,Bim,"Altınova, Gazi Hasan Paşa Cd. No:116, 59100, 59100 Tekirdağ Merkez/Tekirdağ, Türkiye",ChIJfWVnrl5htBQRX47oGKHRI6U
Tekirdağ,Bim,"yeni mah, İkbal Sk. NO: 8/A, 59100 Süleymanpaşa/Tekirdağ, Türkiye",ChIJu4MSO4KKtBQRjsJGZpsCBm8
Tekirdağ,Bim,"Orta Cami Mah. Kolordu Cad, Çınarlı Çeşme Sk. No: 17, Türkiye",ChIJPxKQpISKtBQRmyJ2kLXcg9U
Tekirdağ,BIM,"Namık Kemal, Prof. Dr. Cemil Cangir Cd 59/1, 59000 Süleymanpaşa/Tekirdağ, Türkiye",ChIJMyWsUOL0tBQRnp6KhudF6wA
Tekirdağ,BIM,"Aydoğdu, Bademlik Sk. No:1 D:F, 59200 Süleymanpaşa/Tekirdağ, Türkiye",ChIJc46TXYGKtBQRwvYW5QxUmFA
Tokat,Bim,"Topçam, Topçam Cd. 3. Sk., 60200 Tokat Merkez/Tokat, Türkiye",ChIJ4_rn-KuwfUARdDisVB6yI-w
Tokat,Bim Market Karşıyaka Şubesi,"Karşıyaka, Orhangazi Cd. No:29/A, 60230 Tokat Merkez/Tokat, Türkiye",ChIJz74s2v25fUARhEp0B7l-FHs
Tokat,BIM,"Semerkant, Gaziosmanpaşa 10 Sk No:9/A, 60030 Tokat Merkez/Tokat, Türkiye",ChIJsS1RFW-3fUARMr3DVf-02hE
Tokat,Bim,"Karşıyaka, Vali Ayhan Çevik Cd. No:8, 60230 Merkez/Tokat Merkez/Tokat, Türkiye",ChIJBWU0aQO6fUARv2SClCsw6t8
Tokat,Bim,"Yarahmet, Behzat Blv. No:122, 60100 Tokat Merkez/Tokat, Türkiye",ChIJh7_X9hO3fUAR0zJ3cnhQkdU
Tokat,BIM,"SAAT KULESİ, Soğukpınar, Behzat Blv. No:222/A, 60100 Tokat Merkez/Tokat, Türkiye",ChIJXUyjMw63fUARHt2Q2l9ICBk
Tokat,bim,"Yeşilırmak, Çeçenistan Cd. No:35, 60030 Tokat Merkez/Tokat, Türkiye",ChIJzVn0bEK3fUARHZYlkXHgvBA
Tokat,BIM,"Yeni Mah.Behzat Bul.No:7 Merkez / Tokat, No:7 Yenimahalle/Tokat, Türkiye",ChIJd8mKdUa3fUARnrq7jAz4iFo
Tokat,Bim,"Perakende, Behzat Blv. No:355, 60100 Tokat Merkez/Tokat, Türkiye",ChIJcfYvIQC3fUARN7lG7PitcF8
Tokat,BIM,"Alipaşa, Gazi Paşa Cd. No:12/A, 60030 Tokat Merkez/Tokat, Türkiye",ChIJT9JdYhK3fUARphWcKsomL0U
Tokat,Bim,"Kümbet, Fatih Cd. 4. Sk. No:8, 60200 Tokat Merkez/Tokat, Türkiye",ChIJoSE7H063fUARiNshuimgmNU
Tokat,BIM,"Esentepe Mah, Fatih Cd. No:111/A, 60200 GAZİOSMANPAŞA/Tokat, Türkiye",ChIJ1y9v51K3fUAREC7IRv1cRjg
Tokat,BIM,"Devegörmez, Şeyhi Şirvani Cd. 34B, 60100 Tokat Merkez/Tokat, Türkiye",ChIJB2K5EQW3fUARPqUu77WnAqU
Tokat,BIM,"Gazi Osman Paşa, Gülbaharhatun, 13. Sk No:33/C, Tokat Merkez/Tokat, Türkiye",ChIJgQcwP0C3fUARl63HDG9CpLM
Tokat,BIM,"Vali Recep, Topçam, Yazıcıoğlu Cd. No:28-34/A, 60200 Tokat Merkez/Tokat, Türkiye",ChIJSRNTVa6wfUARlHlKnX4zZt8
Tokat,BIM,"Güneşli, Fidanlık Cd. No:1 SK 2/2/4, 60235 Tokat Merkez/Tokat, Türkiye",ChIJEbGqqou5fUARQ66tv0GM-60
Tokat,BIM,"Topçubağı, Şeyhi Şirvani Cd. A/2 9/10, 60100 Tokat Merkez/Tokat, Türkiye",ChIJoTnqyAS3fUARRGpvs2EvTR0
Trabzon,BIM SUPER MARKET,"Konaklar, Öğrt. Ömer Çebi Cd. No:22, 61010 Trabzon Merkez/Trabzon, Türkiye",ChIJfZKDIAA7ZEARTDHGWqmxyKU
Trabzon,BIM,"Pazarkapı, Nergiz Sk. No: 1, 61200 Ortahisar/Trabzon, Türkiye",ChIJL3gyvk48ZEARqG4J19riqx0
Trabzon,BIM,"Adli Tıp önü, Ramada Otel Karşısı, İstiklal Cd. No:35, 61900 Trabzon, Türkiye",ChIJJejG9Yo7ZEAR01F_nYB6X3M
Trabzon,Bim-kalkınma Şubesi,"Kalkınma, Farabi Cd. No:4/A, 61080 Trabzon Merkez/Trabzon, Türkiye",ChIJaR_zs3k8ZEARLP_67zSY2r0
Trabzon,Bim,"Akoluk, 61000 Ortahisar/Trabzon, Türkiye",ChIJa764m005ZEAR2rF3tsEN9OQ
Trabzon,Bim,"Çukurçayır, Yedi Kaldırım Sk., 61000 Ortahisar/Trabzon, Türkiye",ChIJjwlgQrw9ZEAR9U6AbOcVeWc
Trabzon,Bim,"Fatih, Zübeyde Hanım Cd. No:58, 61040 Trabzon Merkez/Trabzon, Türkiye",ChIJ44BRkdI9ZEARA2_U2Av5SaI
Trabzon,Bim,"Yeşiltepe, Candan Sk. No:4, 61040 Trabzon Merkez/Trabzon, Türkiye",ChIJDViwnSo8ZEARDLigtM0YsbU
Trabzon,Trabzon Bim A.Ş Depo,"Yamalıca Mahallesi dereboyu caddesi, Çağlayan, Trabzon Gümüşhane Yolu 13.km, 61000 Merkez/Trabzon, Türkiye",ChIJT8vWb284ZEARzmjW9LnuB38
Trabzon,Bim KAYMAKLI TRABZON L184,"Kaymaklı, 225. Sk. No:61100 no 2, 61100 Ortahisar/Trabzon, Türkiye",ChIJcY076_k9ZEARTfCHLkXlj24
Trabzon,Bim,"Hızırbey, Kahramanmaraş Cd. No:132, 61200 Trabzon Merkez/Trabzon, Türkiye",ChIJc4Opfkk8ZEARMioZPylzgsc
Trabzon,Bim Market,"Üniversite, İlim Sk. No:21, 61080 Trabzon Merkez/Trabzon, Türkiye",ChIJ1Rci3yo7ZEARqiOu5nUcxYA
Trabzon,BIM,"2 Nolu Erdoğdu, 61040 Ortahisar/Trabzon, Türkiye",ChIJUVhRoww9ZEARyBjPzr-enEQ
Trabzon,BIM,"Yalıncak, Gazi Cd. 7D, 61220 Ortahisar/Trabzon, Türkiye",ChIJlUBGmm07ZEARSF5VgpuLMmg
Trabzon,Bim,"Fatih, Yavuz Selim Blv. No:206, 61030 Trabzon Merkez/Trabzon, Türkiye",ChIJ88p3tyw8ZEARqYDClFfOqUI
Tunceli,Bim,"Atatürk, Mahmut Tan Sk. No:3, 62000 Tunceli Merkez/Tunceli, Türkiye",ChIJs8aPamkjcUARBsQmuIr6yOI
Tunceli,Bim,"Merkez, 48. Cad Küçükdağ Apt No:26 B Blok, 62000 Tunceli Merkez/Tunceli, Türkiye",ChIJAQAAAAUicUARHxcLWPyZY1E
Tunceli,Bim,"Atatürk, 15 Temmuz Şehitler Blv 34a, 62000 Tunceli Merkez/Tunceli, Türkiye",ChIJFToZA0wicUARoHvWC5dABMg
Tunceli,Bim,"PARK, Esentepe, Cumhuriyet Cd. İpek Apt No:29, 62000 Tunceli Merkez/Tunceli, Türkiye",ChIJ-Z2yBQ8icUARlj6Dd1fVA7o
Tunceli,Bim,"Moğultay, 62000 Tunceli Merkez/Tunceli, Türkiye",ChIJ4dOP1o8jcUARoZkLXPV8bsk
Tunceli,Bim,"Moğultay, Ata Sk. 17/A, 62000 Tunceli Merkez/Tunceli, Türkiye",ChIJiTS34AUicUAR0yAzH5Twnz8
Tunceli,Bim,"Atatürk, Çema sitesi 116. Sok A Blok No:9/2, 62000 Tunceli Merkez/Tunceli, Türkiye",ChIJvSfxwQUicUARRo8j8p68vgw
Şanlıurfa,BIM,"Ali Baba, 63000 Karaköprü Bld/Şanlıurfa Merkez/Şanlıurfa, Türkiye",ChIJMSZhHlxxNBURAzBIcL5CIsM
Şanlıurfa,Bim,"Yusufpaşa, 929. Sk. No:6, 63210 Şanlıurfa Merkez/Şanlıurfa, Türkiye",ChIJyZ5PbwBxNBUR0ITqvSAhFvo
Şanlıurfa,Bim,"Doğukent, Atatürk Blv., 63320 Karaköprü/Şanlıurfa, Türkiye",ChIJN0GnMbp6NBURA-7QwHTg8yY
Şanlıurfa,Bim,"Yeşildirek, Fevzi Çakmak Sk. No:28, 63300 Şanlıurfa Merkez/Şanlıurfa, Türkiye",ChIJJVMhDy5wNBURved6uk5MBQs
Şanlıurfa,Bim Süleymaniye,"Süleymaniye, 1776. Sk. No:2, 63050 Haliliye/Şanlıurfa, Türkiye",ChIJ43kEjqBxNBURDAFQukx0UBM
Şanlıurfa,BIM,"Şanlıurfa, محافظة أورفة،, Türkiye",ChIJI5TGKJJxNBURARxBD4w0PCg
Şanlıurfa,BIM,"Hızmalı, Şht. Nusret Cd. 71/A, 63100 Haliliye/Şanlıurfa, Türkiye",ChIJ0UJEB6RxNBUREkHJoozUAZ0
Şanlıurfa,BIM,"Sırrın, Karşıyaka Mah.546. Sok Liva Park Sitesi B/Blok Altı No:15, 63050 Haliliye/Şanlıurfa, Türkiye",ChIJVVVVVS5uNBURGpJGXwfAuaE
Şanlıurfa,BIM,"Onikiler, Eyyüp Peygamber Cd. No:159/1, 63200 Haliliye/Şanlıurfa, Türkiye",ChIJwd_lwYtxNBUROWXAS1pPLbA
Şanlıurfa,Bim-Toki,"Kadıkendi, 4147. Sk. No:9, 63000 Şanlıurfa Merkez/Şanlıurfa, Türkiye",ChIJ_bl_9vFzNBURfvyWsHbzi5w
Şanlıurfa,Sanliurfa Bim depo,"Evrenpaşa, Urfa Ceylanpınar Yolu, 63570 Ceylanpınar/Şanlıurfa, Türkiye",ChIJZ6UhIX71MxURyPotjjEhefI
Şanlıurfa,BIM,"Paşabağı, 765. Sk. No:8, 63040 Haliliye/Şanlıurfa, Türkiye",ChIJ4yJVf8xxNBURUKj09EI5BEg
Şanlıurfa,Bim,"Sırrın, 602. Sk. 11 B, 63040 Şanlıurfa Merkez/Şanlıurfa, Türkiye",ChIJ2cRRng5vNBURSiaPPPCg5f0
Şanlıurfa,BIM,"Osman Gazi Behçet Arabi Cad, ÇAMLIK No:22/A, Haliliye, Türkiye",ChIJB_ngbjpwNBURv7iyVrwuxos
Şanlıurfa,Bim,"Eyyüp Nebi, Eyyüp Peygamber Cd. No:297, 63200 Şanlıurfa Merkez/Şanlıurfa, Türkiye",ChIJh4qvCiFyNBURo5MelfLffcU
Şanlıurfa,BIM,"İpekyol, 2346. Sk. No:17/A, 63050 Haliliye/Şanlıurfa, Türkiye",ChIJJUAIsa1xNBURcVcEA-ZOlWw
Uşak,Bim,"Fatih Mah. Kazım Karabekir Cad, Gündüz Sk. No:1/A, 64200 Merkez/Uşak, Türkiye",ChIJy0fH6cF_yBQRMD4GYNrvUSY
Uşak,Bim,"Mh, Kemalöz, Şht. Alim Yılmaz Cd. 70/A, 64200 Uşak Merkez/Uşak, Türkiye",ChIJE7si_YJ_yBQR9zGfxrrd3dE
Uşak,Bim,"Cumhuriyet Mh, Şht. Mehmet Tevfik Çamcı Sk. No:10, 64200 Merkez/Uşak, Türkiye",ChIJ3blIcfZ_yBQRwtZRDbRENVY
Uşak,Bim,"Fatih Mh, Yavuz Sultan Selim Cd No:11, 64300 Uşak Merkez/Uşak, Türkiye",ChIJ4zU_GnOAyBQR0TtsXaefGQo
Uşak,BIM,"Cumhuriyet Mah, Merkez, Mehmet Topaç Blv. No:145 A, Uşak Merkez, Türkiye",ChIJW7fFTul_yBQRM_b7XPRMfkM
Uşak,BIM,"ÖRNEKEVLER, Cumhuriyet, Uğur Mumcu Cd. No: 19, 64200 Uşak Merkez/Uşak, Türkiye",ChIJsx-wB-1_yBQR0HxFxzmenmA
Uşak,BIM,"DSİ, Cumhuriyet, Orhan Dengiz Blv. No:252 D:A, 64200 MERKEZ/Uşak, Türkiye",ChIJgYtOnELVxxQROk4Cqk0wCPU
Uşak,BIM,"BATIKENT / UŞAK, Cumhuriyet, Batıkent Cd 37/A, 64200 Uşak Merkez/Uşak, Türkiye",ChIJq6rq5m7VxxQR2GiNOmiBP1g
Uşak,Bim,"Cumhuriyet, 1. Hayat Sk. 50/A, 64200 Merkez/Uşak, Türkiye",ChIJ2xtYEY1_yBQRFZgp243oCSg
Uşak,BIM,"Atatürk Mh, YAVUZ SULTAN SELİM, Yavuz Sultan Selim Cd No:105 D:A, MERKEZ/Uşak, Türkiye",ChIJsZu18QeAyBQRDUotTcpiiDM
Uşak,Bim,"Karaağaç Mah. Gediz Uluyolu, Köprü Sk. No:148, 64000 Merkez/Uşak, Türkiye",ChIJtbyT47R_yBQRZw0eoEqZrFI
Uşak,BIM,"Ünalan, Atatürk Blv. No:112 D:A, 64100 MERKEZ/Uşak, Türkiye",ChIJqX1oObx_yBQR1u7jS64qIlY
Uşak,Bim,"Mehmet Akif Ersoy, Şht. İsmail Çetin Cd. No:88/A, 64200 Merkez/Uşak, Türkiye",ChIJ29gViX2AyBQRoar4cBqNMCk
Uşak,BIM,"Fevzi Çakmak Mah, Merkez, 1. Karanfil Sk. No:1/A, Uşak Merkez, Türkiye",ChIJCX5oe3SAyBQRAAIXhZEpPM8
Uşak,Bim,"Karaağaç, Tekmen Uluyolu Sk. No:8 D:A, No:3 Uşak Merkez/Uşak, Türkiye",ChIJlacgO8Z_yBQRYsMsCuMFP7E
Uşak,BIM,"Fevzi Çakmak, Halil Kaya Gedik Blv. No:123 D:B, 64300 Uşak Merkez/Uşak, Türkiye",ChIJTRUbNxSAyBQRdUfHqGrB71g
Van,BIM,"Halilağa, Melen Cd. No:93, 65140 İpekyolu/Van, Türkiye",ChIJJ3aPUndwEkARdnrbqDX_JM4
Van,Van Bim Depo,"Kalecik, 65090 Van Merkez/Van, Türkiye",ChIJ2S3KItFkEkART-1aOXWT5IE
Van,Bim,"Hafiziye, Gölbaşı Sk. No:12, 65140 Van Merkez/Van, Türkiye",ChIJDXv5TG5wEkARnykt18FFtaY
Van,BIM,"Erenkent Mah 2.Etap, Cevdet Paşa, Küme Evler Sk. 21/A, 65300 İpekyolu/Van, Türkiye",ChIJhaReoFhwEkARIVFu6IhiJKM
Van,BIM,"Erdal Bozbay Ve Ort, Seyit Fehim Arvasi, Mah. Erekdağı Cd Blok 42a, 65300 İpekyolu/Van, Türkiye",ChIJ4QxBKhNxEkAR0-gZxy58low
Van,Bim,"İskele, 1. İnklap Sok. Aksoy Apt. No:7, 65140 Van Merkez/Van, Türkiye",ChIJbzs5GPJ6EkARFLxN3hTthF4
Van,BIM,"Hatuniye Mah. Sevimli Sokak 262 Ada 22 Parsel, İpek Yolu Cd., İpekyolu/Van, Türkiye",ChIJRyaka2FwEkARUc5WCKxjTIA
Van,BIM,"Mithatbey Mah, 1409. Sk. No:3, 65130 MİTHATBEY/Van, Türkiye",ChIJ2cK-JBFwEkARwaftRVjlxFg
Van,BIM,"Cevdet Paşa, Yeşilova Sk. No:24, 65300 İpekyolu/Van, Türkiye",ChIJvwAf5_hwEkAROmugQMD9kDY
Van,BIM,"Öğretmenevi yanı, Şerefiye, Mareşal Fevzi Çakmak Cd. No: 69, 65140 İpekyolu/Van, Türkiye",ChIJM2HeaDlwEkAR2pMo4yOx5BI
Van,Bim ada mağazası,"Cumhuriyet, Girne Sk., 65150 İpekyolu/Van, Türkiye",ChIJhUqSPABxEkARcb0nW9TKvE0
Van,BIM,"Van Loft 2 Rezidans, Bahçıvan, Numune Sk. No:7, 65130 İpekyolu/Van, Türkiye",ChIJ88ZqK0BwEkARsp4v_Y7hdhA
Van,BIM,"Şerefiye, Mareşal Fevzi Çakmak Cd. No:47, 65140 İpekyolu/Van, Türkiye",ChIJgWHgLjlwEkARTAYNfJK4Qfo
Van,BIM,"Selimbey, İskele Cd. No:163, 65140 İpekyolu/Van, Türkiye",ChIJGaD6Ppd6EkARI_u-Pi7w2XA
Van,BIM,"Cumhuriyet Mah. Atatürk Cad.Yılmaz Güneş. Sok. 11 ÇATAK, 65140 Van, Türkiye",ChIJ63LeijlwEkARgDSQGWFyYr8
Van,Bim,"Abdurrahman Gazi, 65040 Tuşba/Van, Türkiye",ChIJ_e-Uu6Z6EkAR7n97TUPsxG4
Van,BIM,"Akköprü, Özalp Yolu No:242, 65090 Tuşba/Van, Türkiye",ChIJASFvXWVlEkAR5RS4mb3nJSw
Van,Bim,"Cevdet Paşa, İki Nisan Blv., 65300 İpekyolu/Van, Türkiye",ChIJA77L0yF3EkAR1iXkBd9JZic
Yozgat,BIM,"Çapanoğlu Mah. Cemil Çiçek Cad. No:40/A-B Yozgat 40, A-B, Yozgat Merkez/Yozgat, Türkiye",ChIJHxuaQe5wgEARLSEKORawVc4
Yozgat,Bim,"Şeyh Osman, Kayseri Cd. No:148a D:148, 66100 Yozgat Merkez/Yozgat, Türkiye",ChIJ72BaglPSf0ARgnUTdBQasS8
Yozgat,BIM,"Bahçeşehir, Adnan Menderes Blv. No:186 D:C, 66100 Yozgat Merkez/Yozgat, Türkiye",ChIJ7zpWs6BwgEARbQyowaJSOBU
Yozgat,BIM,"Köseoğlu, İsmet Paşa Sk. No:4, 66100 Yozgat Merkez/Yozgat, Türkiye",ChIJJfiNXgBxgEARuF8QwzZHGQI
Yozgat,BIM,"Erdoğan Akdağ, Dr. Kazım Arslan Bulvarı No:100a D:100, 66100 Yozgat Merkez/Yozgat, Türkiye",ChIJzy6mahB6gEARr5yzFdBv_Es
Yozgat,BIM,"Medrese, Adnan Menderes Blv. No: 105 E D:105, 66100 Yozgat Merkez/Yozgat, Türkiye",ChIJy7ejGJhwgEAR3Qce-DgNR8g
Yozgat,BIM,"Yeni Cami, Söğütlüdere Cd. No:20/A, 66100 Yozgat Merkez/Yozgat, Türkiye",ChIJ68QluqJwgEARj966qpbd9bc
Yozgat,BIM,"Medrese, Mehmet Armağan Sok No:21/A, 66100 Yozgat Merkez/Yozgat, Türkiye",ChIJhaoEHJhwgEARBmzbqixGnhY
Yozgat,BIM,"Bahçeşehir, 1. Selimiye Cd. No:06/B D:C, 66100 Yozgat Merkez/Yozgat, Türkiye",ChIJKTAGOwZ6gEARlac34xbKoG4
Yozgat,Bim bulvar,"Bahçeşehir, Esen 1. Sk. No:1, 66100 Yozgat Merkez/Yozgat, Türkiye",ChIJZeLah95xgEARhyAYvnBSRWI
Yozgat,BIM,"Çay Mahallesi, Yavuz Sultan Selim Cd. No:4 / A 4/A, 66100 Sorgun/Yozgat, Türkiye",ChIJ44Wcb5xwgEARSrEqsoH2vy0
Yozgat,BIM,"Çapanoğlu, Cemil Çiçek Bv A Blok No:83 / 31 83, 66100 Yozgat Merkez/Yozgat, Türkiye",ChIJR86_7DpxgEAROC4HGbTQWv4
Yozgat,BIM,"Yukarınohutlu, 2. Yurt Cd. No:4 A 4, 66100 Yozgat Merkez/Yozgat, Türkiye",ChIJJ1uKNJ5wgEARDNzNTmVSIn0
Yozgat,BIM,"Aydınlıkevler Mah, İmam Hatip Cad No:24/A 24/A, 66702 Osmaniye/Sorgun/Yozgat, Türkiye",ChIJ03KLVVXJf0ARkCnTG9Jtc3s
Yozgat,BIM,"İstanbulluoğlu Mah, Şirin Sk. No:6 A D:6, 17200 Yozgat Merkez/Yozgat, Türkiye",ChIJ36IqUY2zthQRRTBdxyr-rjs
Zonguldak,Bim,"Karaelmas, Şht. Bülent Şanal Cd. No:160/1, 67020 Zonguldak Merkez/Zonguldak, Türkiye",ChIJE6Cd22B8nEARFVQDT4uDclg
Zonguldak,Bim,"Hisar Arkası, 476 Evler Cad. Balekoğlu Apt. No:26, 67500 Zonguldak Merkez/Zonguldak, Türkiye",ChIJf6aoorp-nEARjd_yji20qKk
Zonguldak,Bim-soğuksu,"Soğuksu Mah, Terakki, Cumhuriyet Cd. No:73, 67100 Zonguldak Merkez/Zonguldak, Türkiye",ChIJdWp8kX18nEAROJA4yMHTs0Y
Zonguldak,Bim,"Meşrutiyet, Fener Mevkii No: 16-17, 67030 Zonguldak Merkez/Zonguldak, Türkiye",ChIJq6qqanp8nEARdoGBKrw9Tzs
Zonguldak,BIM,"ON TEMMUZ MAHALLESİ BELEDİYE BULVARI NO:34/E MERKEZ/ZONGULDAK ACILIK, Zonguldak, Türkiye",ChIJAQAAQI58nEARf6U6hE0TmOY
Zonguldak,BIM,"Merkez, Çetin Emeç Cd. NO:2/B, 67600 Kozlu/Zonguldak, Türkiye",ChIJeSEePlp7nEARQtLEvAnctek
Zonguldak,BIM,"İncivez, Üniversite Cd. NO:17/A, 67100 Zonguldak Merkez/Zonguldak, Türkiye",ChIJK-8LY3l7nEARrU0VLz2GGLg
Zonguldak,Bim-acılık,"10 Temmuz Mah, Acılık Oto Belediye Bulvarı No:34E, 67100 Zonguldak Merkez/Zonguldak, Türkiye",ChIJqbgMxGJ8nEAROYBuXwNxrdc
Zonguldak,BIM,"ÇAMLIK MAH. ŞEHİT ER BENAN ŞENTÜRK CAD. NO:10, Kilimli/Zonguldak, Türkiye",ChIJcwodn3t8nEARK-sCiodxkfY
Zonguldak,BIM,"Tepebaşı, Kapuz Cd. NO:70/1, 67030 Zonguldak Merkez/Zonguldak, Türkiye",ChIJDS1xPwt8nEARri7hVMlXzGM
Zonguldak,Bim,"Meşrutiyet Mahallesi 467 Evler Caddesi Balekoğlu Apt, D:26, 67030 Zonguldak Merkez/Zonguldak, Türkiye",ChIJV15Bw3p8nEAReCuK9QEvIMU
Zonguldak,BIM,"Yayla, Yağcılar Cd. NO:18/A, 67030 Zonguldak Merkez/Zonguldak, Türkiye",ChIJH27CxXB8nEAR-9DdtZM-tXw
Zonguldak,Bim,"Merkez, Karaelmas Cd. No:2, 67500 Kilimli/Zonguldak, Türkiye",ChIJS5Kourl-nEARIpxFQutG4Kg
Zonguldak,Bim,"Çamlık, Şemsi Denizer Cd. No:8, 67500 Kilimli/Zonguldak, Türkiye",ChIJjelMzKh-nEARAsfrsSrvb_c
Zonguldak,BIM,"İncivez, Üniversite Cd. No:109/B, 109 Zonguldak Merkez/Zonguldak, Türkiye",ChIJ1x-4I3t7nEAR8uEzwXGH_s0
Zonguldak,Bim Kilimli Şubesi,"Deniz Mahallesi, Gültekin Parlar Cd. No:7, 67502 Kilimli/Zonguldak, Türkiye",ChIJPX9gO8h-nEARFNRiGpcM7Xc
Aksaray,Bim,"Şeyh Hamit, 3326. Sk. No:5, 68200 Aksaray Merkez/Aksaray, Türkiye",ChIJFQoUUi5x1hQR4hnvikV0oBE
Aksaray,Bim Market,"Hasas, Hasas Mah. Cd. No:102, 68200 Aksaray Merkez/Aksaray, Türkiye",ChIJ15JG3vdx1hQRgjsm1MoJcJs
Aksaray,Bim,"Taşpazar, 1601. Sk. No:26, 68100 Aksaray Merkez/Aksaray, Türkiye",ChIJBS50B9tx1hQRLKP5O0KJX5M
Aksaray,BIM,"Poyraz Cad, Aksaray, Şehit Kasım, PTT Cd. No:1, Türkiye",ChIJpZxZahhx1hQRr21ZAtDxouM
Aksaray,Bim,"Ereğlikapı, Mah.52.Cad 40/A, 68100 Aksaray Merkez/Aksaray, Türkiye",ChIJf4OZDQRx1hQResB44_N_XJU
Aksaray,Bim,"Kurtuluş, 3825. Sk No:26, 68100 Aksaray Merkez/Aksaray, Türkiye",ChIJVVk4MONx1hQRiEgBpmNttUM
Aksaray,BIM,"Yeni Mah, 1614. Sk. 23/A, 68100 Aksaray Merkez/Aksaray, Türkiye",ChIJuysD8vhw1hQRyypfd_fftFU
Aksaray,Bim,"Şifahane, 46/Hassas Cad 150/A, 68200 Aksaray Merkez/Aksaray, Türkiye",ChIJVVVVVShx1hQRmuqyBZYpZio
Aksaray,Bim,"Meydan Okçuerler Ap, 951, Meydan Cd. No:7 Sit No:7, Aksaray Merkez/Aksaray, Türkiye",ChIJpy7EFyJx1hQRY7p3c2JKWg4
Aksaray,Bim Avm,"Şamlı, 3000. Sk. No:2 D:4, 68200 Aksaray Merkez/Aksaray, Türkiye",ChIJF80gOqdx1hQRqrRbVQof8mI
Aksaray,Bim,"Meydan, Küçük Bölcek Cd. No:153 A-B, 68200 Aksaray Merkez/Aksaray, Türkiye",ChIJZ8EitB9x1hQRT3Xc0Ug3PqU
Aksaray,Bim,"Kucuk Bolcek, Mah, Cumhuriyet Blv. No:23, 68200, Türkiye",ChIJmwkdLulw1hQR09fTNxPbjnA
Aksaray,Bim,"Yeşilova Mah. E-90 Karayolu Yanı No:210, Türkiye",ChIJobC92f951hQREmU5iDIyCws
Aksaray,Aksary Merkez Merkez Bim,"Meydan, 959. Sk. No:11, 68200 Aksaray Merkez/Aksaray, Türkiye",ChIJ6_KW9x9x1hQRksI8M6GU-rk
Aksaray,Bim Aksaray Bolge Müdürlüğü,"Erenler Osb, 68000 Taşpınar/Aksaray Merkez/Aksaray, Türkiye",ChIJoyYTaSdv1hQR_0YdSpkbuAM
Aksaray,BIM,"Taşpazar Sehıt Yucel Demırtas Sk, AKSARAY, Taspazar Mah No:819 B.Blk. 12/1, Türkiye",ChIJLekNdBxx1hQRtplisUVQCR0
Bayburt,Bim,"Esentepe, Çeçenistan Cd. No:34, 69000 Bayburt Merkez/Bayburt, Türkiye",ChIJ3yXXTa6Hb0ARWZswjiEwZLU
Bayburt,BIM,"Gençosman, Ekmeleddin Bayburdi Cd., No:24 B Bayburt Merkez/Bayburt, Türkiye",ChIJq6qq6k-Gb0ARCWc_Hlwyg0M
Bayburt,Bim,"Gençosman, Orhun Sk. No:49, 69000 Bayburt Merkez/Bayburt, Türkiye",ChIJDx9t8lGGb0ARAVoV55JIbTs
Bayburt,Bimpas Alisveris Merkezi,"Tuzcuzade, Vali Nihat Üçyıldız Cd., 69000 Bayburt Merkez/Bayburt, Türkiye",ChIJuSYcTa-Hb0ARXXBlBHHj0g0
Bayburt,BIM Genç Osman Branch,"Gençosman, Koruk Cd. No:7, 69000 Bayburt Merkez/Bayburt, Türkiye",ChIJE0ckQayHb0AROczzX2hS5lM
Bayburt,Bim,"Velişaban, Ozulu Cd. 11/D, 69000 Bayburt Merkez/Bayburt, Türkiye",ChIJA4eozAeHb0ARDMPl5WQvOmE
Bayburt,Bim,"Zahit, Ayyıldız Cd. No:2, 69000 Bayburt Merkez/Bayburt, Türkiye",ChIJk95w2KuHb0ARk3OaOWd5Gl4
Bayburt,Bimpaş,"Şeyh Hayran, Osman Okutmuş Cd., 69000 Bayburt Merkez/Bayburt, Türkiye",ChIJEwyQDgiHb0ARXomI7CEii_g
Bayburt,BIM,"Tuzcuzade, Vali Nihat Üçyıldız Cd. No:42/2/1, 69000 Bayburt Merkez/Bayburt, Türkiye",ChIJU8e20aiHb0ARR81GltKHO0k
Bayburt,BIM,"Saltuklu Mah, Ayyıldız Cd. No:17 D:1969 Ada / 22 Parsel 17, 69000 Bayburt Merkez/Bayburt, Türkiye",ChIJ-fTAcFSGb0ARL4-sLpMNVpY
Bayburt,BIM,"Şingah, Bağdat Sok No:58, 69010 Bayburt Merkez/Bayburt, Türkiye",ChIJVVVVVYl9ZUAR6zq16OZ0z_8
Bayburt,Bim Şingah Şubesi,"Şingah, İbni Sina Cd. No:33, 69000 Bayburt Merkez/Bayburt, Türkiye",ChIJyVshlp2Hb0ARn_sqFXyCdRs
Bayburt,Bim,"Tuzcuzade, Pönserek Sk. Demirciler Apt Zemin Kat, 69010 Bayburt Merkez/Bayburt, Türkiye",ChIJ00AzRKiHb0ARYNKtpc22kjU
Bayburt,BIM,"Şingah Mah. Sevgi Sok. No:1ab/1c, Bayburt Merkez, Türkiye",ChIJVVVVVYl9ZUARO-eHNeyt0HM
Bayburt,Bim,"Camiikebir, Kurtuluş Cd., 69010 Bayburt Merkez/Bayburt, Türkiye",ChIJ9zlpGQmHb0ARNYf0prF-qvM
Karaman,Bim,"Karamanoğlu Mehmet Bey, Kenzi Cd. No:101 / A, 70200 Karaman Merkez/Karaman, Türkiye",ChIJJ46mIkyN2RQRHTU9pz_8LrI
Karaman,Bim,"Ahiosman, Yeni Minare Cd. No:6/A, 70100 Karaman Merkez/Karaman, Türkiye",ChIJta93owGN2RQRCfi2nLKJt4o
Karaman,Bim,"Yunuskent Mah. Alparslan Türkeş Bulvarı No:26/A Karaman 26/A, Yunuskent, Alpaslan Türkeş Blv. No:26, 70200 Karaman Merkez/Karaman, Türkiye",ChIJz81rU6WN2RQRHyCxRUKs9D8
Karaman,Bim,"Kazım Karabekir Paşa, Kazım Karabekir Paşa Cd. No:8/A, 70100 Karaman Merkez/Karaman, Türkiye",ChIJhegIowGN2RQRc1BaEUfeg1w
Karaman,Bim,"Gevher Hatun, 2075. Sk. No:64, 70200 Karaman Merkez/Karaman, Türkiye",ChIJQ5zKWQCT2RQRVkliKGLSMoI
Karaman,Bim,"Sakabaşı, Bekir Sıtkı Erdoğan Cd. No:97 D:91, 70200 Karaman Merkez/Karaman, Türkiye",ChIJj1Ds3siN2RQRfj7G6EKZ93o
Karaman,BIM,"Osman Gazi mah, Yavuz Sultan Selim Blv. No:28/B, 70100 Karaman Merkez/Karaman, Türkiye",ChIJw_bHHnSN2RQRFby6cOzRE18
Karaman,Bim,"Yeşilada, Mut Cd. No:117, 70200 Karaman Merkez/Karaman, Türkiye",ChIJiR9v36eN2RQREBd3PzvjlWU
Karaman,Bim,"Elmaşehir, Prof. Dr. Ahmet Zeki Velidi Togan Blv. No:30, 70200 Karaman Merkez/Karaman, Türkiye",ChIJbVvrVACN2RQR9KCFzYfs2jw
Karaman,Bim Market,"Valide Sultan, İbrahim Hakkı Konyalı Cd. No:22, 70100 Karaman Merkez/Karaman, Türkiye",ChIJmUstVACN2RQRTFc6cBvVaEU
Karaman,Bim magazasi,"Yunus Emre, 579G+9R, 70200 Dere/Karaman Merkez/Karaman, Türkiye",ChIJN7T-tdyT2RQR2w0mH_r_n1c
Karaman,BIM,"Yunus Emre mah, 2263 sok No:6, Karaman Merkez/Karaman, Türkiye",ChIJWQ0YVQaN2RQRzRzad5T1xV4
Karaman,Bim,"Cumhuriyet, Ereğli Cd. No:30 D:b, 70140 Karaman Merkez/Karaman, Türkiye",ChIJkdxjdwCN2RQRzz3RFO4VBY4
Karaman,Bim,"Mansurdede, 104. Sk., 70200 Karaman Merkez/Karaman, Türkiye",ChIJ4T8AtKqN2RQRvYo62hAOAp4
Kırıkkale,Bim,"Hüseyin Kahya, 621. Sk. 9-10, 71200 Kırıkkale Merkez/Kırıkkale, Türkiye",ChIJjQ4tNabfgUARROR2zyILWNs
Kırıkkale,BIM,"Sanayi, Zümrütkale Blv. No:279 A-B, 71400 Kırıkkale Merkez/Kırıkkale, Türkiye",ChIJdZ3LnRzfgUARiI4m31AEyy8
Kırıkkale,Bim,"Gürler, Ergenekon Cd. No: 87/A, 71200 Kırıkkale Merkez/Kırıkkale, Türkiye",ChIJK0CujAjfgUAR67q1KZp3FoE
Kırıkkale,Bim,"Kaletepe Alparslan Pehlivanlı Blv, Zümrütkale Blv. 120/A-B, 71400 Kırıkkale, Türkiye",ChIJUYovkazfgUAR2TKvwgUZ5t0
Kırıkkale,Eski sanayi Bim,"Sanayi, Zümrütkale Blv. No:279, 71400 Kırıkkale Merkez/Kırıkkale, Türkiye",ChIJWeP9vUffgUARTW_HtIPcCv8
Kırıkkale,Bim,"Çullu, Çullu Caddesi, 2435. Sk., Kırıkkale Merkez/Kırıkkale, Türkiye",ChIJJweXIgDZgUARuXGAVZaHsRs
Kırıkkale,Bim,"Yaylacık, 381. Sk. No:27, 71100 Kırıkkale Merkez/Kırıkkale, Türkiye",ChIJ4dO_YqDfgUARPBK0QpH491Y
Kırıkkale,Bim,"Sanayi, Mustafa Keskin Cd. 11/A, 71400 Kırıkkale Merkez/Kırıkkale, Türkiye",ChIJAcoZ6xffgUARJQdsbkKZdbw
Kırıkkale,Bim,"Güzeltepe, 542. Sk. No:1 K28, 71200 Kırıkkale Merkez/Kırıkkale, Türkiye",ChIJB4XHP6XfgUARGpgEwCeaGi4
Kırıkkale,BIM MARKET,"Bağlarbaşı, 935. Sk. No:9, 71400 Kırıkkale Merkez/Kırıkkale, Türkiye",ChIJQ0glF7LfgUARCAuS9XjizeU
Kırıkkale,Bim,"Bahçelievler, Şht. Dursun Doğanay Cd. 31/A A Blok, 71300 Kırıkkale Merkez/Kırıkkale, Türkiye",ChIJgXte_RTfgUARmWd8Qo2-el8
Kırıkkale,Bim,"Yenişehir, Kazım Karabekir Cd. no:30, 71450 Yahşihan/Kırıkkale, Türkiye",ChIJDVUHZZvhgUARvytETrkVREE
Kırıkkale,BIM,"Yenidoğan, Zafer Cd. 64/A, 71200 Kırıkkale Merkez/Kırıkkale, Türkiye",ChIJnT__PArfgUARse7wgbmNfu0
Kırıkkale,BIM,"Yenişehir Mahallesi, Devlet Bahçeli Caddesi 28/A, 71450 Yahşihan/Kırıkkale, Türkiye",ChIJG2LWqvzfgUARuJ0o5Yr_pp0
Kırıkkale,Bim,"Yenimahalle, Plevne Cd. 79/A, 71100 Kırıkkale Merkez/Kırıkkale, Türkiye",ChIJYR7HTJzfgUAR38rvRcZjnsc
Kırıkkale,BIM,"Etiler, Karacalı Cd. No:113 A B-C, 71400 Kırıkkale Merkez/Kırıkkale, Türkiye",ChIJc4K6-f_egUARMClJKMd4FUQ
Kırıkkale,BIM,"Çalılıöz, 498. Sokak 8/A, 71100 Kırıkkale Merkez/Kırıkkale, Türkiye",ChIJVVVVVbzfgUAR5BuS7hXujJo
Batman,Bim,"Gap, 2509. Sk., 72070 Batman Merkez/Batman, Türkiye",ChIJR9gsg-RGC0ARURobFxhr2JA
Batman,BIM,"Kültür, Mezopotamya Cd. 64-A, 72060 Batman Merkez/Batman, Türkiye",ChIJPTe8i1VGC0AR74Df3w8a4kc
Batman,Bim Petrol Mağazası,"Bayındır, 72040 Batman Merkez/Batman, Türkiye",ChIJy6f7uYhHC0ARUZk82CdKysc
Batman,bulvar bim,"Korik, D370, 72070 Batman Merkez/Batman, Türkiye",ChIJRWvWVz1HC0ARE4XoR7dNIs8
Batman,bim,"Akyürek, Cumhuriyet Blv. No:42, 72050 Batman Merkez/Batman, Türkiye",ChIJNXolkDhHC0ARW-_ZPS87Z8M
Batman,Bim Batman Depo,"Kumtepe, D370, 72000 Kösetarla/Batman Merkez/Batman, Türkiye",ChIJExuiCwJBC0ARARxKk-ZBpaI
Batman,BIM,"Güneykent, Dostlar Cd. No:148 D:A, 72040 Batman Merkez/Batman, Türkiye",ChIJj0FlVKg4C0ARldxHU7XCFXI
Batman,Bim Kudret,"Bahçelievler, 1639. Sk. No:1, 72070 Batman Merkez/Batman, Türkiye",ChIJHyUVjB9HC0ARuUj0A8KgGfw
Batman,BIM,"Pazaryeri, Kıbrıs Şehitleri Blv. 303 / A-B, 72060 Batman Merkez/Batman, Türkiye",ChIJdXTtgAFHC0ARlzmEKODtRBI
Batman,BIM,"İluh, Güneş Cd. No:12 / 1, 72050 Batman Merkez/Batman, Türkiye",ChIJ22XQxFxHC0ARybSuMukQ9nc
Şırnak,BIM,"Vakıfkent, Kale Sk. No:1, 73100 Şırnak Merkez/Şırnak, Türkiye",ChIJjSqMPM1VCUARRaJRJoDQ_3w
Şırnak,Bim Yeşilyurt Mağazası,"Yeşilyurt, 73000 Şırnak Merkez/Şırnak, Türkiye",ChIJ39HdjYdVCUAR6Tbt2624IYs
Şırnak,Bim,"Dağkapı Mah.Şerafettin Elçi Cad. 132 A/A MEMUZİN, Şırnak, Türkiye",ChIJxxbAjs1VCUARCeiOhHS0gkE
Şırnak,Bim A.Ş,"Nur, Mardin - Şırnak Yolu No:33, 73200 Cizre/Şırnak, Türkiye",ChIJT1E6VcBhCUARCyqd_5hxBZI
Şırnak,BIM,"Petrol M, Uludere Cd. C. Yusuf Sağlam Apt No:104a/104b, 73000 Yoğurtçular/Cizre/Şırnak, Türkiye",ChIJmfYV_DBUCUARrNK0Yix4mgI
Şırnak,BIM,"Fatih Mah, Şırnak Cad No:64, 73000 Şırnak Merkez/Şırnak, Türkiye",ChIJxxbAjs1VCUAR0P3HnQrTfzk
Şırnak,BIM,"Aydınlıkevler, 720. Sk. No:1a, 73100 Şırnak Merkez/Şırnak, Türkiye",ChIJhcJX9MxVCUARHk09y4kIWQg
Şırnak,BIM,"Yenişehir, 1. Cd., 73400 Silopi/Şırnak, Türkiye",ChIJh4QUqs4VCUARk3Gx_Emb1DE
Şırnak,BIM,"Vakıfkent, Güven Cad Musa Utanç Apt No:24/1, 73100 Şırnak Merkez/Şırnak, Türkiye",ChIJeTM7VkdVCUARlLwt8H3sWRk
Bartın,Bim,"Gölbucağı, 103. Sk. No:15B, 74100 Bartın Merkez/Bartın, Türkiye",ChIJ_RJfHgBxm0ARsrxviNjiP4U
Bartın,Bim,"Aladağ, 11. Cd. No:43, 74200 Bartın Merkez/Bartın, Türkiye",ChIJ-aCUhkZzm0ARW8WriV2872o
Bartın,BIM,"Gültepe Mahallesi, 141. Sk. No:2b, 74100 Bartın Merkez/Bartın, Türkiye",ChIJ8_EL3Mxzm0ARnRlzpiOobYg
Bartın,Bim,"Kalaycıoğulları İnş. Sitesi, Çaydüzü, 457. Sok No:1/A, 74200 Merkez/Bartın, Türkiye",ChIJVVVVVQ5ym0ARWdtf0t-2dJ4
Bartın,Bim,"Orduyeri, Fatih Sultan Mehmet Cad No: 79/A 79/A, 74100 Merkez/Bartın, Türkiye",ChIJq6qqqk1ym0ARxBqocu10maQ
Bartın,Bim,"Orduyeri, 190. Cd. No:118, 74100 Bartın Merkez/Bartın, Türkiye",ChIJVwXLFABzm0AR34_pJE5HXbA
Bartın,Bim-gülbucağı Şubesi,"Gölbucağı, 107. Cd., 74100 Bartın Merkez/Bartın, Türkiye",ChIJE3WF181zm0ARjAFtp9iMt3s
Bartın,Bim,"Aladağ, 531 Cad No:30/28, 74100 Merkez/Bartın, Türkiye",ChIJBX9DH8tzm0ARxyInue2mFG0
Bartın,BIM,"Karaköy, Egemenlik Cd. No:22-1/16, 74200 MERKEZ/Bartın, Türkiye",ChIJpfvpaSdym0ARByTJr4D_sJw
Bartın,Bim,"Kemer Köprü, Ahçeloğlu Sk. No:31, 74100 Bartın Merkez/Bartın, Türkiye",ChIJkV9GGTJym0ARROSgMQ8kHbs
Bartın,Bim,"Orduyeri, Kaynarca Cd. No: 51-A, 74100 Bartın Merkez/Bartın, Türkiye",ChIJGWskw7Rzm0AR-k3nhriSa_g
Bartın,BIM,"Kemer Köprü, Halatçı Yaması Sk. No:26a D:A, 74100 Merkez/Bartın, Türkiye",ChIJZUhfFyVym0ARvYPF-7_SYyM
Bartın,Bim,"Kemer Köprü, Elmalık Sk. 9-1, 74100 Bartın Merkez/Bartın, Türkiye",ChIJtU1bGjJym0ARVmzf8FtlChA
Bartın,Bim,"Karaköy, 74200 Bartın Merkez/Bartın, Türkiye",ChIJVUuEwIpxm0ARkrLeRlRgG1Y
Bartın,BIM,"Kemer Köprü, Sıtmayanı Cd. No:90/A, 74100 Bartın Merkez/Bartın, Türkiye",ChIJUzlOqChym0ARscW8UYQTNSs
Bartın,BIM,"Kemer Köprü, Eski Hastane Cad No:25/A A Blok, 74100 Merkez/Bartın, Türkiye",ChIJBX9DH8tzm0ARNwoiV7TcwVY
Ardahan,BIM,"İnönü Mah. Kongre Cad, Ardahan Göle Yolu No:143, 75000 Ardahan Merkez, Türkiye",ChIJZz6mPAIvaEARBK6LYl5NCPM
Ardahan,BIM,"Yeni, Çevre Yolu 1/B, 75000 Ardahan Merkez/Ardahan, Türkiye",ChIJqdS7PAIvaEAR7NZyE2rMKMc
Ardahan,BIM-Kaptanpaşa Branch,"Kaptanpaşa, Kazım Karabekir Cd., 75000 Ardahan Merkez/Ardahan, Türkiye",ChIJWx8jBv8uaEAR_9sxGbX6H1o
Ardahan,Bim (siyah),"Karagöl, 75000 Ardahan Merkez/Ardahan, Türkiye",ChIJPSr5HwAvaEARs0EEC_P9FsI
Ardahan,BIM,"İnönü, Berfin Sok 6c, 75000 Ardahan Merkez/Ardahan, Türkiye",ChIJqdS7PAIvaEARanKbGjGFScg
Ardahan,BIM,"TOKİ, İNÖNÜ MAHALLERİ, BERFİN SOKAK NO 6 C, Ardahan Merkez/Ardahan, Türkiye",ChIJVVVVVawvaEARoresXO5Y5AI
Ardahan,BIM,"Kaptanpaşa, Kazım Karabekir Cd. 17 B, 75000 Ardahan Merkez/Ardahan, Türkiye",ChIJAQAAMP8uaEAR_jYjUFJZNRk
Ardahan,BIM,"GENÇLİK, Karagöl, Gençlik Cd. 36/A, 75000 Ardahan Merkez/Ardahan, Türkiye",ChIJW_vMhv8uaEARk2UnTKJgk_g
Ardahan,BIM,"KARAGÖL, İnönü, Kongre Cd. 99 A, Ardahan Merkez/Ardahan, Türkiye",ChIJ-f08GKsvaEARoJXqPWSmVrM
Iğdır,Bim,"Hüseyin Ersoy Apt, Cumhuriyet, Rıza Yalçın Cd. No:33, 76000 Iğdır Merkez/Iğdır, Türkiye",ChIJfyg7ePsga0ARD_3NwQ_3vyo
Iğdır,Bim,"Bağlar, Kafkas Cd. 25. Sk. A Blok 1, 76000 Iğdır Merkez/Iğdır, Türkiye",ChIJV9eFeuoga0ARODwt6q_MOgA
Iğdır,Bim,"Söğütlü, Atatürk Cd. No:86, 76000 Iğdır Merkez/Iğdır, Türkiye",ChIJOeB5iZqqa0ARBRMIl2MitCo
Iğdır,Bim Market Iğdır,"Emek, D080, 76000 Iğdır Merkez/Iğdır, Türkiye",ChIJrXAlO08ha0AR6tvL_UFXn0g
Iğdır,bim,"Bağlar, Atatürk Cd. No:125, 76000 Iğdır Merkez/Iğdır, Türkiye",ChIJIzVrV5Uga0ARDPl1GAxsFGg
Iğdır,Bim,"Cumhuriyet, Buzhane Sk. No:19, 76000 Iğdır Merkez/Iğdır, Türkiye",ChIJp_6XIcUga0AR5_I_Vh0uHr0
Iğdır,BIM,"Cumhuriyet, Kazım Karabekir Cd. 65 A, 76000 Iğdır Merkez/Iğdır, Türkiye",ChIJ-YSrry4na0ARfWq8aHvXeBk
Iğdır,BIM,"Emek, Fatih Cd. 16 D, 76000 Iğdır Merkez/Iğdır, Türkiye",ChIJ0UtILcUga0ARV_Es_EHqDhI
Iğdır,BIM,"Bağlar, 187. Sk. No:5, 76000 Iğdır Merkez/Iğdır, Türkiye",ChIJ0UtILcUga0ARHnBpsXn3BhM
Iğdır,BIM,"Bağlar, Dr. Sadık Ahmet Cd. No:33, 76000 Iğdır Merkez/Iğdır, Türkiye",ChIJ372C9sMga0ARsoOrF4ldhnY
Iğdır,BIM,"Bağlar, Vali Konağı Yolu Cd. 54C, 76000 Iğdır Merkez/Iğdır, Türkiye",ChIJHe4_iMIga0ARowmjEk2pnRo
Iğdır,BIM,"Topçular, Evren Paşa Cd. 56/1, 76000 Iğdır Merkez/Iğdır, Türkiye",ChIJAQAAwO8ga0ARVQh4RKe2x4g
Iğdır,Bim ığdır depo,"Organize Sanayi Bölgesi, Iğdır, Türkiye",ChIJYTaLNEcda0ARKg4Ju5ahRTI
Iğdır,BIM,"14 Kasım, Şamil Cd. 42 A, 76000 Iğdır Merkez/Iğdır, Türkiye",ChIJITBvksYga0AR9xvRdsnfvEg
Iğdır,BIM,"Topçular, Evren Paşa Cd. 98 A, 76000 Iğdır Merkez/Iğdır, Türkiye",ChIJqV_rwtwga0ARpNuTILYk5bE
Iğdır,BIM,"Söğütlü, MEŞE AHMET DEDEİ CADDESİ NO 19 A, 76000 Iğdır Merkez/Iğdır, Türkiye",ChIJ0UtILcUga0ARr2dwrKog6QQ
Yalova,Bim,"Esenköy Mah. Yalova Cad. Akay Apt., Yalova Merkez, Yalova, Türkiye",ChIJZbHAnFH6yhQRsFmWThlNAhs
Yalova,BIM,"Tere, Koca Çayır-2 Sk. No:7/A, 77200 Yalova Merkez/Yalova, Türkiye",ChIJDZc3YsX6yhQRpx_qd2ySXYU
Yalova,Bim,"Adnan Menderes, 77200 Yalova Merkez/Yalova, Türkiye",ChIJQcwMaSX7yhQRtkmcLl4G2As
Yalova,Bim,"Bağlarbaşı, 77200 Yalova Merkez/Yalova, Türkiye",ChIJi7nNl_P6yhQR88Ly6-o1ZTE
Yalova,Bim,"Mustafa Kemal Paşa, Kemerköprü Cd. No:40/A, 77100 Yalova Merkez/Yalova, Türkiye",ChIJAQAAAJfzyhQRqw6pQvLtWo0
Yalova,Bim,"Bağlarbaşı, Vatan Cd. No:83, 77200 Yalova Merkez/Yalova, Türkiye",ChIJF7TJNdD6yhQRcZ0pmVcsv-c
Yalova,bim,"Kazım Karabekir, Ihlamur Sk., 77200 Yalova Merkez/Yalova, Türkiye",ChIJ83vPlYr7yhQRbssKB7-NfKI
Yalova,Bim,"Fevzi Çakmak Mah Şehit Ömer Faydalı Cad, Bayraktepe, Karanlık Sk. No:7, 77100 Yalova Merkez/Yalova, Türkiye",ChIJGXeTGNTkyhQRXTKGGo7iJrI
Yalova,BIM,"Bağlarbaşı, Vatan Cd. No:7, 77200 Yalova Merkez/Yalova, Türkiye",ChIJVTEQD9P6yhQRsFZd7vBzcCc
Yalova,Bim,"Kazım Karabekir Mah, Şht. Ömer Faydalı Cd. 247-A, 77200 Yalova Merkez/Yalova, Türkiye",ChIJ7Xa-ps36yhQR8-hmGRpgvqc
Yalova,BIM,"Kazım Karabekir, Tophane Sk. No:59b, 77200 Yalova Merkez/Yalova, Türkiye",ChIJeR7sebf6yhQRxepJtG7V_1E
Yalova,Bim,"Abdurrahman Gazi Mahallesi, Ebu Bekir Caddesi No:73, 77100 Merkez/Yalova Merkez/Yalova, Türkiye",ChIJk-f17SvlyhQRWzd0wEctGEo
Yalova,BIM,"Süleyman Bey, Doktor Kenan Akçura Sk No:6a, 77100 Yalova Merkez/Yalova, Türkiye",ChIJt4440JXkyhQRnK_8Eu7Z4YY
Yalova,Bim,"Çiftlik Mah Hürriyet Sk. 47. Cad. 32, 77600 Çiftlikköy/Yalova, Türkiye",ChIJQeeN3mHjyhQRcZljy7tEBKo
Karabük,BIM,"5000 Evler 75. Yıl, 107. Cd. No:45/A-A, 78020 Karabük Merkez/Karabük, Türkiye",ChIJ4_4AQEqrnEARliPup77pgeI
Karabük,BIM,"Bayır, Gökalp Cd. No:51 / 12, 78100 Karabük Merkez/Karabük, Türkiye",ChIJcVTVVdCsnEARzgsoHxZ-gP4
Karabük,Bim market,"Yeşil, Köprülü Sk. No:10, 78200 Karabük Merkez/Karabük, Türkiye",ChIJmdF0dACtnEARiI8Ecxyxqgo
Karabük,BIM,"100. Yıl, 1025. Sok No:2-H, 78050 Karabük Merkez/Karabük, Türkiye",ChIJq6qqqrFUg0ARh6UqSiLOCeQ
Karabük,BIM,"5000 Evler Cumhuriyet, 79.Cadde No:43/Ba, 78020 Karabük Merkez/Karabük, Türkiye",ChIJAQAAAD-rnEARmMubWt4C6B8
Karabük,Bim,"Kılavuzlar, 78100 Karabük Merkez/Karabük, Türkiye",ChIJOchmBqZUg0ARGHubeFgC2vE
Karabük,BIM,"Karabük, Doğa Sk. No:39, 78100 Karabük Merkez/Karabük, Türkiye",ChIJ7YpwtdpSg0AR037EyNL-zOc
Karabük,Bim,"100. Yıl, 1003. Cd. No:53, 78050 Karabük Merkez/Karabük, Türkiye",ChIJ-UXNG6VUg0AR-ty3FwEBh8A
Karabük,BIM,"Kılavuzlar Mah. Vatan 2.Cad. Klavuzkent, Apt. No:11, Merkez/Karabük, Türkiye",ChIJt5LjOC1Tg0ARhyU281pdFFM
Karabük,Bim,"Emek Mh. Gük Sk. Acar Apt, No:5/2, Safranbolu/Karabük, Türkiye",ChIJ9z019NeqnEARlRNZthuGiHs
Karabük,BIM,"5000 Evler 75. Yıl, 63. Cd. No:54/A, 78020 Merkez/Karabük, Türkiye",ChIJMS_59EernEARFAi6ffsrWb0
Karabük,BIM,"Yüksek, Barış, Mimar Yavuz İnce Cad No:1-C/1, 78600 Safranbolu/Karabük, Türkiye",ChIJA-Bs-9OqnEARcDzavOJv330
Karabük,BIM,"5000 Evler Bahçelievler, 122. Sk. No:14/C/16, 78020 Merkez/Karabük, Türkiye",ChIJVVVVFTGrnEARFu2R_sgtLQI
Karabük,BIM,"Karabük, Yeşilyurt Cd. No:2, 78100 Karabük Merkez/Karabük, Türkiye",ChIJ3ZyqLjVTg0ARhlyeRodkBMM
Karabük,BIM,"Yeşil, Cami Altı Sk. NO:1/A, 78200 MERKEZ/Karabük, Türkiye",ChIJ54MJm7WsnEAR7nPbgTrahgI
Kilis,Bim,"Necmettin Erbakan, 79000 Kilis Merkez/Kilis, Türkiye",ChIJfyDU3R_OLxURPGz35hdqVZY
Kilis,Bim,"Ekrem Çetin, Doğan Güreş Paşa Blv. no:128, 79000 Kilis Merkez/Kilis, Türkiye",ChIJXcTYIXPOLxURPvjB0cH0M6Q
Kilis,Bim Market,"Atatürk, Bekçioğlu Sok., 79000 Kilis Merkez/Kilis, Türkiye",ChIJEYoV76bPLxURfDq6yHA9CYI
Kilis,Bim kayabaş,"Necmettin Erbakan, P44M+V7, 79000 Kilis Merkez/Kilis, Türkiye",ChIJRWMy0H3RLxURvXABBqsud0U
Kilis,BIM,"Süleyman, Mehmet Rıfat Kazancıoğlu, Karakuş Sk. No:31/A, 79000 Kilis Merkez/Kilis, Türkiye",ChIJ____v-3RLxURLnHm6t37nOk
Kilis,Bim,"Hakverdi Mah.Maarif Sok Huzur Sitesi B Blok Apt. No:3/01, Kilis, Türkiye",ChIJFRJx9BDOLxURYDuGraT47S8
Kilis,Bim,"Bilali Habeş, Karataş Cd. No:65, 79000 Kilis Merkez/Kilis, Türkiye",ChIJaWwxSQLOLxUR6W-4qwYOlqY
Kilis,BIM,"Mehmet Sanlı, Erdoğan Bayraktar Cd No:8/A, 79000 Kilis Merkez/Kilis, Türkiye",ChIJ6Te2THbOLxURyO1bbfEWiWI
Kilis,Bim Market,"Kazım Karabekir, İzzettin İyigün Blv. Apt.No:52, 79000 Kilis Merkez/Kilis, Türkiye",ChIJkdE02XbPLxURZRT6nZokSBg
Kilis,BIM,"Ekrem Çetin Prof.Dr. Ali Görpe Cad. No:12/A, Türkiye",ChIJobNWVWbOLxURv-8ZaV1vIvM
Kilis,Bim,"Hürriyet, Kurt Ağa Cd. NO:19/A, 79000 Kilis Merkez/Kilis, Türkiye",ChIJOXQfKxTOLxURV1oZB95hilw
Kilis,Bim,"Doğan Güreş Paşa, Mustafa Eren Cd, 79000 Kilis Merkez/Kilis, Türkiye",ChIJu9P2s-TRLxURCvZ_r7kj9rY
Kilis,Bim market,"Şıh Mehmet, Lalezar Sk. No:2/A, 79000 Kilis Merkez/Kilis, Türkiye",ChIJuXUFbxTPLxURoLGK-kTqdnE
Kilis,bim,"BARIŞ, Barış mah, Istiklal Cd No:39, 79000 Kilis, Türkiye",ChIJiT-JU0DOLxURJQWEsfxYgl0
Kilis,Bim,"İsmet Paşa, Ali Metin Dirimtekin Cd. No:24-26, 79000 Kilis Merkez/Kilis, Türkiye",ChIJw6W0zHLOLxUR-zZtT2ZiuUU
Kilis,BIM,"EMNİYET, Necmettin Erbakan, Turgut Özal Cadde No:29a/B, Kilis, Türkiye",ChIJj0CMhhDOLxURkG_l47KwSN4
Kilis,BIM,"Şıh Abdullah, Hasenek Sok, 79000 Kilis Merkez/Kilis, Türkiye",ChIJl8b_cxTOLxUR2K4onAcybJo
Kilis,BIM,"Saraç Mehmet Çavuş, Şht. Polis Ali Kurtoğlu Cd. No:41, 79000 Kilis Merkez/Kilis, Türkiye",ChIJV8jAtA_OLxURsa0BQzusMK8
Kilis,Bim market,"Saraç Mehmet Çavuş, Şht. Er Necmettin Ak Sk. No:16, 79000 Kilis Merkez/Kilis, Türkiye",ChIJd7s83KjPLxURoWrxLj81j2s
Kilis,BIM,"Şıh Mehmet, Alp Sokak No:11, 79000 Kilis Merkez/Kilis, Türkiye",ChIJq6qqukTOLxURaO35jWpMxJQ
Osmaniye,Bim,"Eyüp Sultan, Zeytinlik Cd. No:86, 80010 Osmaniye Merkez/Osmaniye, Türkiye",ChIJyeQ_3yghLxURh1K2s_HzQiY
Osmaniye,Bim mağaza,"Yunus Emre, 80030 Osmaniye Merkez/Osmaniye, Türkiye",ChIJ_fXt0RMhLxURw1eIAQkHrFQ
Osmaniye,BIM,"Yunus Emre Mah, Dr. Devlet Bahçeli Blv. 85b, 80010 Osmaniye Merkez/Osmaniye, Türkiye",ChIJ4WMDIM8hLxURGhGFp6RmTag
Osmaniye,Bim,"Şehit Polis, Cumhuriyet, Şht. Ahmet Traş Sk. No: 2/A, 80440 Osmaniye Merkez/Osmaniye, Türkiye",ChIJebVhZMshLxUR8i6qjmLZ1u8
Osmaniye,Bim,"Mimar Sinan, 8507. Sk., 80010 Osmaniye Merkez/Osmaniye, Türkiye",ChIJW_DdaZUhLxUR4WxPMi-S_l8
Osmaniye,BIM,"Kazım Karabekir, Şehit Pınar Akdağ Sokak No: 34 C, 80010 Osmaniye Merkez/Osmaniye, Türkiye",ChIJq6qq6owfLxURHblzGABlwdk
Osmaniye,BIM,"Raufbey, Musa Şahin Blv. No:190 A, 80010 Osmaniye Merkez/Osmaniye, Türkiye",ChIJN0leusshLxURsk3A5vM0d_s
Osmaniye,BIM,"Ulaşlı, Zorkun Cd. No:82 AA, 80020 Osmaniye Merkez/Osmaniye, Türkiye",ChIJCVzdoN8hLxURorWtCordQaw
Osmaniye,BIM,"Mimar Sinan, Atatürk Cd. No:439 A, 80010 Osmaniye Merkez/Osmaniye, Türkiye",ChIJebVhZMshLxURLQ4O8QGIv3s
Osmaniye,Bim,"Mimar Sinan Mah. 8504 Sok. No:72/A Merkez / Osmaniye 72/A, 80010, Türkiye",ChIJwd45muwhLxURjJfjiYZpTjo
Osmaniye,Bim,"Esenevler, Hasan Çenet Cd. No:25, 80010 Osmaniye Merkez/Osmaniye, Türkiye",ChIJiUyhwcohLxURFZUgYfkGGDE
Osmaniye,Bim,"İstiklal, 5039. Sk. No:50 A, 80020 Osmaniye Merkez/Osmaniye, Türkiye",ChIJ____PywgLxUR4SoNSiaPbRc
Osmaniye,Bim,"M. Akif Ersoy, 8005. Sk. No:2, 80010 Osmaniye Merkez/Osmaniye, Türkiye",ChIJH0zHOgUhLxUR978z4Bhj8yE
Düzce,Bim,"Yahyalar, Zahid Kevseri Bulvarı No: 78/A, 81100 Düzce, Türkiye",ChIJeZfHVSkLnUARXLDczNJ3aAY
Düzce,Bim,"Körpeşler, Hürriyet Cad No:81030 no 44, 81030 Düzce, Türkiye",ChIJ1QyhdgChnUARQ-uq39_bqKI
Düzce,BIM,"Sancaklar, Eski Akçakoca Cd. NO:161/A-B, 81100 Düzce, Türkiye",ChIJC-YSpAignUARrdBzC-zb--U
Düzce,Bim,"Şehit Murat Demir, 81620 Düzce, Türkiye",ChIJI8i1cAChnUARGpKvB2pAJeM
Düzce,Bim,"Çay, Aydınpınar Köyü Yolu No:138, 81100 Düzce, Türkiye",ChIJYUecD291nUARhVGH5xwrOrE
Düzce,BIM,"Camikebir, Rıhtım Sk. NO:2, 81020 Düzce, Türkiye",ChIJ____v1t1nUARjnr8mJht7sY
Düzce,BIM,"Beyciler, 1662.CADDE NO:3/B, 81030 Düzce, Türkiye",ChIJmRO9ZaAKnUARB7-YnUa8jPc
Düzce,BIM,"Karaca, Sanat Sk. NO:3A/0, 81030 Düzce, Türkiye",ChIJs1aPW1N1nUARE7HnPag24ZY
Düzce,BIM,"Körpeşler, 1490. Cd. No: 7/A D:B, 7 Düzce, Türkiye",ChIJ0c3P7wSgnUARFOpd17FRhAU
Düzce,Bim,"Hamidiye, Eski Akçakoca Cd. No:80 A D:B, 81030 Düzce, Türkiye",ChIJ0deJvQCgnUARyd9WBTLHSbU
Düzce,BIM,"Demetevler, 1 Demetevler Cd. No:107 A-B, 81630 Düzce, Türkiye",ChIJNzHNzWEKnUARZUPWJkTX6oo
Düzce,Bim,"ŞEREFİYE MAHALLESİ ATATÜRK BULVARI, Cumhuriyet Sk. NO:55, 81010 Düzce, Türkiye",ChIJ_405s1F1nUARHU5hnadqPc0
Düzce,Bim,"Beyciler, 1588. Sk. No:64, 81030 Düzce, Türkiye",ChIJT0si2koLnUARgaKqt3K4628
Düzce,BIM,"Beyciler, 1698. Cd No:29/2, 29 Düzce, Türkiye",ChIJ9Y_rpQygnUAR6Dlxuj1sdMc
Düzce,BIM,"Beyciler, 81030 Düzce, Türkiye",ChIJEbCpkeahnUARzOiV-zxCzes
